INSERT INTO  "legacy".crops_winter_survival (crop_id, winter_survival_id) VALUES
((SELECT id FROM "legacy".crops WHERE label = 'Sunflower' and zone = 6),(SELECT id FROM "legacy".winter_survival WHERE label = 'Never')),
((SELECT id FROM "legacy".crops WHERE label = 'Millet, Japanese' and zone = 6),(SELECT id FROM "legacy".winter_survival WHERE label = 'Never')),
((SELECT id FROM "legacy".crops WHERE label = 'Mustard' and zone = 6),(SELECT id FROM "legacy".winter_survival WHERE label = 'Seldom')),
((SELECT id FROM "legacy".crops WHERE label = 'Pea, Winter' and zone = 6),(SELECT id FROM "legacy".winter_survival WHERE label = 'Never')),
((SELECT id FROM "legacy".crops WHERE label = 'Sweetclover, Yellow' and zone = 6),(SELECT id FROM "legacy".winter_survival WHERE label = 'Expected')),
((SELECT id FROM "legacy".crops WHERE label = 'Soybeans' and zone = 6),(SELECT id FROM "legacy".winter_survival WHERE label = 'Never')),
((SELECT id FROM "legacy".crops WHERE label = 'Cereal Rye, Winter' and zone = 6),(SELECT id FROM "legacy".winter_survival WHERE label = 'Expected')),
((SELECT id FROM "legacy".crops WHERE label = 'Teff' and zone = 6),(SELECT id FROM "legacy".winter_survival WHERE label = 'Never')),
((SELECT id FROM "legacy".crops WHERE label = 'Phacelia' and zone = 6),(SELECT id FROM "legacy".winter_survival WHERE label = 'Seldom')),
((SELECT id FROM "legacy".crops WHERE label = 'Radish, Forage' and zone = 6),(SELECT id FROM "legacy".winter_survival WHERE label = 'Seldom')),
((SELECT id FROM "legacy".crops WHERE label = 'Sorghum-sudangrass' and zone = 6),(SELECT id FROM "legacy".winter_survival WHERE label = 'Never')),
((SELECT id FROM "legacy".crops WHERE label = 'Clover, Balansa' and zone = 6),(SELECT id FROM "legacy".winter_survival WHERE label = 'Expected')),
((SELECT id FROM "legacy".crops WHERE label = 'Ryegrass, Perennial' and zone = 6),(SELECT id FROM "legacy".winter_survival WHERE label = 'Expected')),
((SELECT id FROM "legacy".crops WHERE label = 'Cowpea' and zone = 6),(SELECT id FROM "legacy".winter_survival WHERE label = 'Never')),
((SELECT id FROM "legacy".crops WHERE label = 'Clover, Berseem' and zone = 6),(SELECT id FROM "legacy".winter_survival WHERE label = 'Seldom')),
((SELECT id FROM "legacy".crops WHERE label = 'Triticale, Spring' and zone = 6),(SELECT id FROM "legacy".winter_survival WHERE label = 'Expected')),
((SELECT id FROM "legacy".crops WHERE label = 'Pea, Winter' and zone = 6),(SELECT id FROM "legacy".winter_survival WHERE label = 'Seldom')),
((SELECT id FROM "legacy".crops WHERE label = 'Barley, Winter' and zone = 6),(SELECT id FROM "legacy".winter_survival WHERE label = 'Expected')),
((SELECT id FROM "legacy".crops WHERE label = 'Sunn Hemp' and zone = 6),(SELECT id FROM "legacy".winter_survival WHERE label = 'Never')),
((SELECT id FROM "legacy".crops WHERE label = 'Clover, Crimson' and zone = 6),(SELECT id FROM "legacy".winter_survival WHERE label = 'Expected')),
((SELECT id FROM "legacy".crops WHERE label = 'Pea, Spring' and zone = 6),(SELECT id FROM "legacy".winter_survival WHERE label = 'Never')),
((SELECT id FROM "legacy".crops WHERE label = 'Clover, Berseem' and zone = 6),(SELECT id FROM "legacy".winter_survival WHERE label = 'Never')),
((SELECT id FROM "legacy".crops WHERE label = 'Rapeseed, Forage' and zone = 6),(SELECT id FROM "legacy".winter_survival WHERE label = 'Expected')),
((SELECT id FROM "legacy".crops WHERE label = 'Sudangrass' and zone = 6),(SELECT id FROM "legacy".winter_survival WHERE label = 'Never')),
((SELECT id FROM "legacy".crops WHERE label = 'Oats' and zone = 6),(SELECT id FROM "legacy".winter_survival WHERE label = 'Seldom')),
((SELECT id FROM "legacy".crops WHERE label = 'Vetch, Hairy' and zone = 6),(SELECT id FROM "legacy".winter_survival WHERE label = 'Expected')),
((SELECT id FROM "legacy".crops WHERE label = 'Millet, Pearl' and zone = 6),(SELECT id FROM "legacy".winter_survival WHERE label = 'Never')),
((SELECT id FROM "legacy".crops WHERE label = 'Wheat, Spring' and zone = 6),(SELECT id FROM "legacy".winter_survival WHERE label = 'Never')),
((SELECT id FROM "legacy".crops WHERE label = 'Barley, Spring' and zone = 6),(SELECT id FROM "legacy".winter_survival WHERE label = 'Seldom')),
((SELECT id FROM "legacy".crops WHERE label = 'Buckwheat' and zone = 6),(SELECT id FROM "legacy".winter_survival WHERE label = 'Never')),
((SELECT id FROM "legacy".crops WHERE label = 'Brassica, Forage' and zone = 6),(SELECT id FROM "legacy".winter_survival WHERE label = 'Seldom')),
((SELECT id FROM "legacy".crops WHERE label = 'Ryegrass, Annual' and zone = 6),(SELECT id FROM "legacy".winter_survival WHERE label = 'Expected')),
((SELECT id FROM "legacy".crops WHERE label = 'Triticale, Winter' and zone = 6),(SELECT id FROM "legacy".winter_survival WHERE label = 'Expected')),
((SELECT id FROM "legacy".crops WHERE label = 'Cereal Rye, Spring' and zone = 6),(SELECT id FROM "legacy".winter_survival WHERE label = 'Never')),
((SELECT id FROM "legacy".crops WHERE label = 'Oats, Black' and zone = 6),(SELECT id FROM "legacy".winter_survival WHERE label = 'Never')),
((SELECT id FROM "legacy".crops WHERE label = 'Wheat, Winter' and zone = 6),(SELECT id FROM "legacy".winter_survival WHERE label = 'Expected')),
((SELECT id FROM "legacy".crops WHERE label = 'Clover, Red' and zone = 6),(SELECT id FROM "legacy".winter_survival WHERE label = 'Expected')),
((SELECT id FROM "legacy".crops WHERE label = 'Turnip, Forage' and zone = 6),(SELECT id FROM "legacy".winter_survival WHERE label = 'Never')),
((SELECT id FROM "legacy".crops WHERE label = 'Turnip, Purple Top' and zone = 6),(SELECT id FROM "legacy".winter_survival WHERE label = 'Never')),
((SELECT id FROM "legacy".crops WHERE label = 'Oats' and zone = 6),(SELECT id FROM "legacy".winter_survival WHERE label = 'Never')),
((SELECT id FROM "legacy".crops WHERE label = 'Oats, Spring' and zone = 6),(SELECT id FROM "legacy".winter_survival WHERE label = 'Seldom'));
INSERT INTO  "legacy".crops_active_growth_period (crop_id, active_growth_period_id) VALUES
((SELECT id FROM "legacy".crops WHERE label = 'Clover, Red' and zone = 6),(SELECT id FROM "legacy".active_growth_period WHERE label = 'Fall')),
((SELECT id FROM "legacy".crops WHERE label = 'Ryegrass, Annual' and zone = 6),(SELECT id FROM "legacy".active_growth_period WHERE label = 'Summer')),
((SELECT id FROM "legacy".crops WHERE label = 'Clover, Balansa' and zone = 6),(SELECT id FROM "legacy".active_growth_period WHERE label = 'Winter')),
((SELECT id FROM "legacy".crops WHERE label = 'Barley, Winter' and zone = 6),(SELECT id FROM "legacy".active_growth_period WHERE label = 'Fall')),
((SELECT id FROM "legacy".crops WHERE label = 'Teff' and zone = 6),(SELECT id FROM "legacy".active_growth_period WHERE label = 'Summer')),
((SELECT id FROM "legacy".crops WHERE label = 'Oats, Black' and zone = 6),(SELECT id FROM "legacy".active_growth_period WHERE label = 'Fall')),
((SELECT id FROM "legacy".crops WHERE label = 'Radish, Forage' and zone = 6),(SELECT id FROM "legacy".active_growth_period WHERE label = 'Fall')),
((SELECT id FROM "legacy".crops WHERE label = 'Turnip, Forage' and zone = 6),(SELECT id FROM "legacy".active_growth_period WHERE label = 'Spring')),
((SELECT id FROM "legacy".crops WHERE label = 'Pea, Spring' and zone = 6),(SELECT id FROM "legacy".active_growth_period WHERE label = 'Spring')),
((SELECT id FROM "legacy".crops WHERE label = 'Cereal Rye, Spring' and zone = 6),(SELECT id FROM "legacy".active_growth_period WHERE label = 'Summer')),
((SELECT id FROM "legacy".crops WHERE label = 'Oats, Spring' and zone = 6),(SELECT id FROM "legacy".active_growth_period WHERE label = 'Spring')),
((SELECT id FROM "legacy".crops WHERE label = 'Ryegrass, Annual' and zone = 6),(SELECT id FROM "legacy".active_growth_period WHERE label = 'Winter')),
((SELECT id FROM "legacy".crops WHERE label = 'Brassica, Forage' and zone = 6),(SELECT id FROM "legacy".active_growth_period WHERE label = 'Spring')),
((SELECT id FROM "legacy".crops WHERE label = 'Cereal Rye, Winter' and zone = 6),(SELECT id FROM "legacy".active_growth_period WHERE label = 'Spring')),
((SELECT id FROM "legacy".crops WHERE label = 'Oats' and zone = 6),(SELECT id FROM "legacy".active_growth_period WHERE label = 'Fall')),
((SELECT id FROM "legacy".crops WHERE label = 'Sudangrass' and zone = 6),(SELECT id FROM "legacy".active_growth_period WHERE label = 'Summer')),
((SELECT id FROM "legacy".crops WHERE label = 'Sweetclover, Yellow' and zone = 6),(SELECT id FROM "legacy".active_growth_period WHERE label = 'Summer')),
((SELECT id FROM "legacy".crops WHERE label = 'Ryegrass, Perennial' and zone = 6),(SELECT id FROM "legacy".active_growth_period WHERE label = 'Winter')),
((SELECT id FROM "legacy".crops WHERE label = 'Ryegrass, Perennial' and zone = 6),(SELECT id FROM "legacy".active_growth_period WHERE label = 'Spring')),
((SELECT id FROM "legacy".crops WHERE label = 'Clover, Red' and zone = 6),(SELECT id FROM "legacy".active_growth_period WHERE label = 'Summer')),
((SELECT id FROM "legacy".crops WHERE label = 'Pea, Spring' and zone = 6),(SELECT id FROM "legacy".active_growth_period WHERE label = 'Fall')),
((SELECT id FROM "legacy".crops WHERE label = 'Rapeseed, Forage' and zone = 6),(SELECT id FROM "legacy".active_growth_period WHERE label = 'Winter')),
((SELECT id FROM "legacy".crops WHERE label = 'Clover, Crimson' and zone = 6),(SELECT id FROM "legacy".active_growth_period WHERE label = 'Summer')),
((SELECT id FROM "legacy".crops WHERE label = 'Buckwheat' and zone = 6),(SELECT id FROM "legacy".active_growth_period WHERE label = 'Summer')),
((SELECT id FROM "legacy".crops WHERE label = 'Pea, Winter' and zone = 6),(SELECT id FROM "legacy".active_growth_period WHERE label = 'Fall')),
((SELECT id FROM "legacy".crops WHERE label = 'Turnip, Purple Top' and zone = 6),(SELECT id FROM "legacy".active_growth_period WHERE label = 'Fall')),
((SELECT id FROM "legacy".crops WHERE label = 'Triticale, Winter' and zone = 6),(SELECT id FROM "legacy".active_growth_period WHERE label = 'Winter')),
((SELECT id FROM "legacy".crops WHERE label = 'Clover, Crimson' and zone = 6),(SELECT id FROM "legacy".active_growth_period WHERE label = 'Fall')),
((SELECT id FROM "legacy".crops WHERE label = 'Mustard' and zone = 6),(SELECT id FROM "legacy".active_growth_period WHERE label = 'Spring')),
((SELECT id FROM "legacy".crops WHERE label = 'Vetch, Hairy' and zone = 6),(SELECT id FROM "legacy".active_growth_period WHERE label = 'Fall')),
((SELECT id FROM "legacy".crops WHERE label = 'Millet, Pearl' and zone = 6),(SELECT id FROM "legacy".active_growth_period WHERE label = 'Summer')),
((SELECT id FROM "legacy".crops WHERE label = 'Wheat, Winter' and zone = 6),(SELECT id FROM "legacy".active_growth_period WHERE label = 'Spring')),
((SELECT id FROM "legacy".crops WHERE label = 'Barley, Spring' and zone = 6),(SELECT id FROM "legacy".active_growth_period WHERE label = 'Spring')),
((SELECT id FROM "legacy".crops WHERE label = 'Clover, Berseem' and zone = 6),(SELECT id FROM "legacy".active_growth_period WHERE label = 'Summer')),
((SELECT id FROM "legacy".crops WHERE label = 'Radish, Forage' and zone = 6),(SELECT id FROM "legacy".active_growth_period WHERE label = 'Spring')),
((SELECT id FROM "legacy".crops WHERE label = 'Ryegrass, Annual' and zone = 6),(SELECT id FROM "legacy".active_growth_period WHERE label = 'Fall')),
((SELECT id FROM "legacy".crops WHERE label = 'Triticale, Spring' and zone = 6),(SELECT id FROM "legacy".active_growth_period WHERE label = 'Winter')),
((SELECT id FROM "legacy".crops WHERE label = 'Cowpea' and zone = 6),(SELECT id FROM "legacy".active_growth_period WHERE label = 'Summer')),
((SELECT id FROM "legacy".crops WHERE label = 'Ryegrass, Annual' and zone = 6),(SELECT id FROM "legacy".active_growth_period WHERE label = 'Spring')),
((SELECT id FROM "legacy".crops WHERE label = 'Mustard' and zone = 6),(SELECT id FROM "legacy".active_growth_period WHERE label = 'Fall')),
((SELECT id FROM "legacy".crops WHERE label = 'Sorghum-sudangrass' and zone = 6),(SELECT id FROM "legacy".active_growth_period WHERE label = 'Summer')),
((SELECT id FROM "legacy".crops WHERE label = 'Ryegrass, Perennial' and zone = 6),(SELECT id FROM "legacy".active_growth_period WHERE label = 'Fall')),
((SELECT id FROM "legacy".crops WHERE label = 'Soybeans' and zone = 6),(SELECT id FROM "legacy".active_growth_period WHERE label = 'Summer')),
((SELECT id FROM "legacy".crops WHERE label = 'Millet, Japanese' and zone = 6),(SELECT id FROM "legacy".active_growth_period WHERE label = 'Summer')),
((SELECT id FROM "legacy".crops WHERE label = 'Pea, Winter' and zone = 6),(SELECT id FROM "legacy".active_growth_period WHERE label = 'Spring')),
((SELECT id FROM "legacy".crops WHERE label = 'Oats, Spring' and zone = 6),(SELECT id FROM "legacy".active_growth_period WHERE label = 'Fall')),
((SELECT id FROM "legacy".crops WHERE label = 'Vetch, Hairy' and zone = 6),(SELECT id FROM "legacy".active_growth_period WHERE label = 'Spring')),
((SELECT id FROM "legacy".crops WHERE label = 'Clover, Crimson' and zone = 6),(SELECT id FROM "legacy".active_growth_period WHERE label = 'Spring')),
((SELECT id FROM "legacy".crops WHERE label = 'Barley, Spring' and zone = 6),(SELECT id FROM "legacy".active_growth_period WHERE label = 'Summer')),
((SELECT id FROM "legacy".crops WHERE label = 'Cereal Rye, Winter' and zone = 6),(SELECT id FROM "legacy".active_growth_period WHERE label = 'Fall')),
((SELECT id FROM "legacy".crops WHERE label = 'Turnip, Purple Top' and zone = 6),(SELECT id FROM "legacy".active_growth_period WHERE label = 'Spring')),
((SELECT id FROM "legacy".crops WHERE label = 'Sunn Hemp' and zone = 6),(SELECT id FROM "legacy".active_growth_period WHERE label = 'Summer')),
((SELECT id FROM "legacy".crops WHERE label = 'Barley, Winter' and zone = 6),(SELECT id FROM "legacy".active_growth_period WHERE label = 'Spring')),
((SELECT id FROM "legacy".crops WHERE label = 'Wheat, Spring' and zone = 6),(SELECT id FROM "legacy".active_growth_period WHERE label = 'Fall')),
((SELECT id FROM "legacy".crops WHERE label = 'Oats, Black' and zone = 6),(SELECT id FROM "legacy".active_growth_period WHERE label = 'Spring')),
((SELECT id FROM "legacy".crops WHERE label = 'Phacelia' and zone = 6),(SELECT id FROM "legacy".active_growth_period WHERE label = 'Fall')),
((SELECT id FROM "legacy".crops WHERE label = 'Clover, Balansa' and zone = 6),(SELECT id FROM "legacy".active_growth_period WHERE label = 'Summer')),
((SELECT id FROM "legacy".crops WHERE label = 'Clover, Berseem' and zone = 6),(SELECT id FROM "legacy".active_growth_period WHERE label = 'Winter')),
((SELECT id FROM "legacy".crops WHERE label = 'Wheat, Spring' and zone = 6),(SELECT id FROM "legacy".active_growth_period WHERE label = 'Spring')),
((SELECT id FROM "legacy".crops WHERE label = 'Clover, Red' and zone = 6),(SELECT id FROM "legacy".active_growth_period WHERE label = 'Spring')),
((SELECT id FROM "legacy".crops WHERE label = 'Vetch, Hairy' and zone = 6),(SELECT id FROM "legacy".active_growth_period WHERE label = 'Winter')),
((SELECT id FROM "legacy".crops WHERE label = 'Pea, Spring' and zone = 6),(SELECT id FROM "legacy".active_growth_period WHERE label = 'Summer')),
((SELECT id FROM "legacy".crops WHERE label = 'Cereal Rye, Spring' and zone = 6),(SELECT id FROM "legacy".active_growth_period WHERE label = 'Spring')),
((SELECT id FROM "legacy".crops WHERE label = 'Oats' and zone = 6),(SELECT id FROM "legacy".active_growth_period WHERE label = 'Spring')),
((SELECT id FROM "legacy".crops WHERE label = 'Wheat, Winter' and zone = 6),(SELECT id FROM "legacy".active_growth_period WHERE label = 'Winter')),
((SELECT id FROM "legacy".crops WHERE label = 'Sunflower' and zone = 6),(SELECT id FROM "legacy".active_growth_period WHERE label = 'Summer')),
((SELECT id FROM "legacy".crops WHERE label = 'Mustard' and zone = 6),(SELECT id FROM "legacy".active_growth_period WHERE label = 'Summer')),
((SELECT id FROM "legacy".crops WHERE label = 'Turnip, Forage' and zone = 6),(SELECT id FROM "legacy".active_growth_period WHERE label = 'Fall')),
((SELECT id FROM "legacy".crops WHERE label = 'Phacelia' and zone = 6),(SELECT id FROM "legacy".active_growth_period WHERE label = 'Spring')),
((SELECT id FROM "legacy".crops WHERE label = 'Brassica, Forage' and zone = 6),(SELECT id FROM "legacy".active_growth_period WHERE label = 'Fall'));
INSERT INTO  "legacy".crops_duration (crop_id, duration_id) VALUES
((SELECT id FROM "legacy".crops WHERE label = 'Clover, Red' and zone = 6),(SELECT id FROM "legacy".duration WHERE label = 'Short-lived Perennial')),
((SELECT id FROM "legacy".crops WHERE label = 'Rapeseed, Forage' and zone = 6),(SELECT id FROM "legacy".duration WHERE label = 'Annual')),
((SELECT id FROM "legacy".crops WHERE label = 'Sunn Hemp' and zone = 6),(SELECT id FROM "legacy".duration WHERE label = 'Annual')),
((SELECT id FROM "legacy".crops WHERE label = 'Oats, Black' and zone = 6),(SELECT id FROM "legacy".duration WHERE label = 'Annual')),
((SELECT id FROM "legacy".crops WHERE label = 'Turnip, Forage' and zone = 6),(SELECT id FROM "legacy".duration WHERE label = 'Annual')),
((SELECT id FROM "legacy".crops WHERE label = 'Barley, Winter' and zone = 6),(SELECT id FROM "legacy".duration WHERE label = 'Annual')),
((SELECT id FROM "legacy".crops WHERE label = 'Barley, Spring' and zone = 6),(SELECT id FROM "legacy".duration WHERE label = 'Annual')),
((SELECT id FROM "legacy".crops WHERE label = 'Millet, Pearl' and zone = 6),(SELECT id FROM "legacy".duration WHERE label = 'Annual')),
((SELECT id FROM "legacy".crops WHERE label = 'Sudangrass' and zone = 6),(SELECT id FROM "legacy".duration WHERE label = 'Annual')),
((SELECT id FROM "legacy".crops WHERE label = 'Brassica, Forage' and zone = 6),(SELECT id FROM "legacy".duration WHERE label = 'Annual')),
((SELECT id FROM "legacy".crops WHERE label = 'Cereal Rye, Spring' and zone = 6),(SELECT id FROM "legacy".duration WHERE label = 'Annual')),
((SELECT id FROM "legacy".crops WHERE label = 'Clover, Crimson' and zone = 6),(SELECT id FROM "legacy".duration WHERE label = 'Annual')),
((SELECT id FROM "legacy".crops WHERE label = 'Ryegrass, Annual' and zone = 6),(SELECT id FROM "legacy".duration WHERE label = 'Annual')),
((SELECT id FROM "legacy".crops WHERE label = 'Buckwheat' and zone = 6),(SELECT id FROM "legacy".duration WHERE label = 'Annual')),
((SELECT id FROM "legacy".crops WHERE label = 'Ryegrass, Perennial' and zone = 6),(SELECT id FROM "legacy".duration WHERE label = 'Short-lived Perennial')),
((SELECT id FROM "legacy".crops WHERE label = 'Sunflower' and zone = 6),(SELECT id FROM "legacy".duration WHERE label = 'Annual')),
((SELECT id FROM "legacy".crops WHERE label = 'Pea, Winter' and zone = 6),(SELECT id FROM "legacy".duration WHERE label = 'Annual')),
((SELECT id FROM "legacy".crops WHERE label = 'Clover, Balansa' and zone = 6),(SELECT id FROM "legacy".duration WHERE label = 'Annual')),
((SELECT id FROM "legacy".crops WHERE label = 'Teff' and zone = 6),(SELECT id FROM "legacy".duration WHERE label = 'Annual')),
((SELECT id FROM "legacy".crops WHERE label = 'Mustard' and zone = 6),(SELECT id FROM "legacy".duration WHERE label = 'Annual')),
((SELECT id FROM "legacy".crops WHERE label = 'Turnip, Purple Top' and zone = 6),(SELECT id FROM "legacy".duration WHERE label = 'Annual')),
((SELECT id FROM "legacy".crops WHERE label = 'Sweetclover, Yellow' and zone = 6),(SELECT id FROM "legacy".duration WHERE label = 'Annual')),
((SELECT id FROM "legacy".crops WHERE label = 'Sweetclover, Yellow' and zone = 6),(SELECT id FROM "legacy".duration WHERE label = 'Biennial')),
((SELECT id FROM "legacy".crops WHERE label = 'Oats' and zone = 6),(SELECT id FROM "legacy".duration WHERE label = 'Annual')),
((SELECT id FROM "legacy".crops WHERE label = 'Phacelia' and zone = 6),(SELECT id FROM "legacy".duration WHERE label = 'Annual')),
((SELECT id FROM "legacy".crops WHERE label = 'Pea, Spring' and zone = 6),(SELECT id FROM "legacy".duration WHERE label = 'Annual')),
((SELECT id FROM "legacy".crops WHERE label = 'Radish, Forage' and zone = 6),(SELECT id FROM "legacy".duration WHERE label = 'Annual')),
((SELECT id FROM "legacy".crops WHERE label = 'Triticale, Spring' and zone = 6),(SELECT id FROM "legacy".duration WHERE label = 'Annual')),
((SELECT id FROM "legacy".crops WHERE label = 'Soybeans' and zone = 6),(SELECT id FROM "legacy".duration WHERE label = 'Annual')),
((SELECT id FROM "legacy".crops WHERE label = 'Vetch, Hairy' and zone = 6),(SELECT id FROM "legacy".duration WHERE label = 'Annual')),
((SELECT id FROM "legacy".crops WHERE label = 'Wheat, Winter' and zone = 6),(SELECT id FROM "legacy".duration WHERE label = 'Annual')),
((SELECT id FROM "legacy".crops WHERE label = 'Triticale, Winter' and zone = 6),(SELECT id FROM "legacy".duration WHERE label = 'Annual')),
((SELECT id FROM "legacy".crops WHERE label = 'Oats, Spring' and zone = 6),(SELECT id FROM "legacy".duration WHERE label = 'Annual')),
((SELECT id FROM "legacy".crops WHERE label = 'Wheat, Spring' and zone = 6),(SELECT id FROM "legacy".duration WHERE label = 'Annual')),
((SELECT id FROM "legacy".crops WHERE label = 'Cereal Rye, Winter' and zone = 6),(SELECT id FROM "legacy".duration WHERE label = 'Annual')),
((SELECT id FROM "legacy".crops WHERE label = 'Clover, Berseem' and zone = 6),(SELECT id FROM "legacy".duration WHERE label = 'Annual')),
((SELECT id FROM "legacy".crops WHERE label = 'Cowpea' and zone = 6),(SELECT id FROM "legacy".duration WHERE label = 'Annual')),
((SELECT id FROM "legacy".crops WHERE label = 'Millet, Japanese' and zone = 6),(SELECT id FROM "legacy".duration WHERE label = 'Annual')),
((SELECT id FROM "legacy".crops WHERE label = 'Sorghum-sudangrass' and zone = 6),(SELECT id FROM "legacy".duration WHERE label = 'Annual'));
INSERT INTO  "legacy".crops_shape_and_orientation (crop_id, shape_and_orientation_id) VALUES
((SELECT id FROM "legacy".crops WHERE label = 'Sudangrass' and zone = 6),(SELECT id FROM "legacy".shape_and_orientation WHERE label = 'Erect')),
((SELECT id FROM "legacy".crops WHERE label = 'Cowpea' and zone = 6),(SELECT id FROM "legacy".shape_and_orientation WHERE label = 'Climbing')),
((SELECT id FROM "legacy".crops WHERE label = 'Mustard' and zone = 6),(SELECT id FROM "legacy".shape_and_orientation WHERE label = 'Erect')),
((SELECT id FROM "legacy".crops WHERE label = 'Brassica, Forage' and zone = 6),(SELECT id FROM "legacy".shape_and_orientation WHERE label = 'Erect')),
((SELECT id FROM "legacy".crops WHERE label = 'Phacelia' and zone = 6),(SELECT id FROM "legacy".shape_and_orientation WHERE label = 'Erect')),
((SELECT id FROM "legacy".crops WHERE label = 'Sorghum-sudangrass' and zone = 6),(SELECT id FROM "legacy".shape_and_orientation WHERE label = 'Erect')),
((SELECT id FROM "legacy".crops WHERE label = 'Oats, Black' and zone = 6),(SELECT id FROM "legacy".shape_and_orientation WHERE label = 'Erect')),
((SELECT id FROM "legacy".crops WHERE label = 'Sunflower' and zone = 6),(SELECT id FROM "legacy".shape_and_orientation WHERE label = 'Erect')),
((SELECT id FROM "legacy".crops WHERE label = 'Barley, Spring' and zone = 6),(SELECT id FROM "legacy".shape_and_orientation WHERE label = 'Erect')),
((SELECT id FROM "legacy".crops WHERE label = 'Cereal Rye, Winter' and zone = 6),(SELECT id FROM "legacy".shape_and_orientation WHERE label = 'Erect')),
((SELECT id FROM "legacy".crops WHERE label = 'Clover, Berseem' and zone = 6),(SELECT id FROM "legacy".shape_and_orientation WHERE label = 'Erect')),
((SELECT id FROM "legacy".crops WHERE label = 'Cereal Rye, Spring' and zone = 6),(SELECT id FROM "legacy".shape_and_orientation WHERE label = 'Erect')),
((SELECT id FROM "legacy".crops WHERE label = 'Oats, Spring' and zone = 6),(SELECT id FROM "legacy".shape_and_orientation WHERE label = 'Erect')),
((SELECT id FROM "legacy".crops WHERE label = 'Pea, Spring' and zone = 6),(SELECT id FROM "legacy".shape_and_orientation WHERE label = 'Semi-Erect')),
((SELECT id FROM "legacy".crops WHERE label = 'Sweetclover, Yellow' and zone = 6),(SELECT id FROM "legacy".shape_and_orientation WHERE label = 'Erect')),
((SELECT id FROM "legacy".crops WHERE label = 'Oats' and zone = 6),(SELECT id FROM "legacy".shape_and_orientation WHERE label = 'Erect')),
((SELECT id FROM "legacy".crops WHERE label = 'Vetch, Hairy' and zone = 6),(SELECT id FROM "legacy".shape_and_orientation WHERE label = 'Climbing')),
((SELECT id FROM "legacy".crops WHERE label = 'Sunn Hemp' and zone = 6),(SELECT id FROM "legacy".shape_and_orientation WHERE label = 'Erect')),
((SELECT id FROM "legacy".crops WHERE label = 'Clover, Balansa' and zone = 6),(SELECT id FROM "legacy".shape_and_orientation WHERE label = 'Erect')),
((SELECT id FROM "legacy".crops WHERE label = 'Ryegrass, Annual' and zone = 6),(SELECT id FROM "legacy".shape_and_orientation WHERE label = 'Erect')),
((SELECT id FROM "legacy".crops WHERE label = 'Turnip, Forage' and zone = 6),(SELECT id FROM "legacy".shape_and_orientation WHERE label = 'Erect')),
((SELECT id FROM "legacy".crops WHERE label = 'Pea, Winter' and zone = 6),(SELECT id FROM "legacy".shape_and_orientation WHERE label = 'Climbing')),
((SELECT id FROM "legacy".crops WHERE label = 'Rapeseed, Forage' and zone = 6),(SELECT id FROM "legacy".shape_and_orientation WHERE label = 'Erect')),
((SELECT id FROM "legacy".crops WHERE label = 'Pea, Winter' and zone = 6),(SELECT id FROM "legacy".shape_and_orientation WHERE label = 'Semi-Erect')),
((SELECT id FROM "legacy".crops WHERE label = 'Clover, Crimson' and zone = 6),(SELECT id FROM "legacy".shape_and_orientation WHERE label = 'Erect')),
((SELECT id FROM "legacy".crops WHERE label = 'Pea, Spring' and zone = 6),(SELECT id FROM "legacy".shape_and_orientation WHERE label = 'Climbing')),
((SELECT id FROM "legacy".crops WHERE label = 'Soybeans' and zone = 6),(SELECT id FROM "legacy".shape_and_orientation WHERE label = 'Erect')),
((SELECT id FROM "legacy".crops WHERE label = 'Radish, Forage' and zone = 6),(SELECT id FROM "legacy".shape_and_orientation WHERE label = 'Erect')),
((SELECT id FROM "legacy".crops WHERE label = 'Triticale, Winter' and zone = 6),(SELECT id FROM "legacy".shape_and_orientation WHERE label = 'Erect')),
((SELECT id FROM "legacy".crops WHERE label = 'Barley, Winter' and zone = 6),(SELECT id FROM "legacy".shape_and_orientation WHERE label = 'Erect')),
((SELECT id FROM "legacy".crops WHERE label = 'Buckwheat' and zone = 6),(SELECT id FROM "legacy".shape_and_orientation WHERE label = 'Erect')),
((SELECT id FROM "legacy".crops WHERE label = 'Clover, Red' and zone = 6),(SELECT id FROM "legacy".shape_and_orientation WHERE label = 'Erect')),
((SELECT id FROM "legacy".crops WHERE label = 'Clover, Crimson' and zone = 6),(SELECT id FROM "legacy".shape_and_orientation WHERE label = 'Semi-Erect')),
((SELECT id FROM "legacy".crops WHERE label = 'Cowpea' and zone = 6),(SELECT id FROM "legacy".shape_and_orientation WHERE label = 'Semi-Erect')),
((SELECT id FROM "legacy".crops WHERE label = 'Buckwheat' and zone = 6),(SELECT id FROM "legacy".shape_and_orientation WHERE label = 'Semi-Erect')),
((SELECT id FROM "legacy".crops WHERE label = 'Millet, Pearl' and zone = 6),(SELECT id FROM "legacy".shape_and_orientation WHERE label = 'Erect')),
((SELECT id FROM "legacy".crops WHERE label = 'Ryegrass, Perennial' and zone = 6),(SELECT id FROM "legacy".shape_and_orientation WHERE label = 'Semi-Erect')),
((SELECT id FROM "legacy".crops WHERE label = 'Triticale, Spring' and zone = 6),(SELECT id FROM "legacy".shape_and_orientation WHERE label = 'Erect')),
((SELECT id FROM "legacy".crops WHERE label = 'Ryegrass, Perennial' and zone = 6),(SELECT id FROM "legacy".shape_and_orientation WHERE label = 'Erect')),
((SELECT id FROM "legacy".crops WHERE label = 'Millet, Japanese' and zone = 6),(SELECT id FROM "legacy".shape_and_orientation WHERE label = 'Erect')),
((SELECT id FROM "legacy".crops WHERE label = 'Wheat, Winter' and zone = 6),(SELECT id FROM "legacy".shape_and_orientation WHERE label = 'Erect')),
((SELECT id FROM "legacy".crops WHERE label = 'Teff' and zone = 6),(SELECT id FROM "legacy".shape_and_orientation WHERE label = 'Erect')),
((SELECT id FROM "legacy".crops WHERE label = 'Turnip, Purple Top' and zone = 6),(SELECT id FROM "legacy".shape_and_orientation WHERE label = 'Erect')),
((SELECT id FROM "legacy".crops WHERE label = 'Wheat, Spring' and zone = 6),(SELECT id FROM "legacy".shape_and_orientation WHERE label = 'Erect'));
INSERT INTO  "legacy".crops_soil_drainage (crop_id, soil_drainage_id) VALUES
((SELECT id FROM "legacy".crops WHERE label = 'Buckwheat' and zone = 6),(SELECT id FROM "legacy".soil_drainage WHERE label = 'Somewhat poorly drained')),
((SELECT id FROM "legacy".crops WHERE label = 'Triticale, Spring' and zone = 6),(SELECT id FROM "legacy".soil_drainage WHERE label = 'Well drained')),
((SELECT id FROM "legacy".crops WHERE label = 'Sunn Hemp' and zone = 6),(SELECT id FROM "legacy".soil_drainage WHERE label = 'Moderately well drained')),
((SELECT id FROM "legacy".crops WHERE label = 'Triticale, Spring' and zone = 6),(SELECT id FROM "legacy".soil_drainage WHERE label = 'Well drained muck')),
((SELECT id FROM "legacy".crops WHERE label = 'Triticale, Spring' and zone = 6),(SELECT id FROM "legacy".soil_drainage WHERE label = 'Excessively drained')),
((SELECT id FROM "legacy".crops WHERE label = 'Wheat, Winter' and zone = 6),(SELECT id FROM "legacy".soil_drainage WHERE label = 'Somewhat poorly drained')),
((SELECT id FROM "legacy".crops WHERE label = 'Oats, Spring' and zone = 6),(SELECT id FROM "legacy".soil_drainage WHERE label = 'Somewhat Excessively Drained')),
((SELECT id FROM "legacy".crops WHERE label = 'Wheat, Spring' and zone = 6),(SELECT id FROM "legacy".soil_drainage WHERE label = 'Well drained')),
((SELECT id FROM "legacy".crops WHERE label = 'Cereal Rye, Winter' and zone = 6),(SELECT id FROM "legacy".soil_drainage WHERE label = 'Somewhat Excessively Drained')),
((SELECT id FROM "legacy".crops WHERE label = 'Ryegrass, Annual' and zone = 6),(SELECT id FROM "legacy".soil_drainage WHERE label = 'Poorly drained')),
((SELECT id FROM "legacy".crops WHERE label = 'Barley, Spring' and zone = 6),(SELECT id FROM "legacy".soil_drainage WHERE label = 'Moderately well drained')),
((SELECT id FROM "legacy".crops WHERE label = 'Soybeans' and zone = 6),(SELECT id FROM "legacy".soil_drainage WHERE label = 'Somewhat Excessively Drained')),
((SELECT id FROM "legacy".crops WHERE label = 'Cereal Rye, Spring' and zone = 6),(SELECT id FROM "legacy".soil_drainage WHERE label = 'Well drained muck')),
((SELECT id FROM "legacy".crops WHERE label = 'Barley, Spring' and zone = 6),(SELECT id FROM "legacy".soil_drainage WHERE label = 'Well drained muck')),
((SELECT id FROM "legacy".crops WHERE label = 'Pea, Winter' and zone = 6),(SELECT id FROM "legacy".soil_drainage WHERE label = 'Well drained muck')),
((SELECT id FROM "legacy".crops WHERE label = 'Mustard' and zone = 6),(SELECT id FROM "legacy".soil_drainage WHERE label = 'Well drained muck')),
((SELECT id FROM "legacy".crops WHERE label = 'Barley, Winter' and zone = 6),(SELECT id FROM "legacy".soil_drainage WHERE label = 'Moderately well drained')),
((SELECT id FROM "legacy".crops WHERE label = 'Clover, Red' and zone = 6),(SELECT id FROM "legacy".soil_drainage WHERE label = 'Somewhat poorly drained')),
((SELECT id FROM "legacy".crops WHERE label = 'Radish, Forage' and zone = 6),(SELECT id FROM "legacy".soil_drainage WHERE label = 'Somewhat poorly drained')),
((SELECT id FROM "legacy".crops WHERE label = 'Ryegrass, Annual' and zone = 6),(SELECT id FROM "legacy".soil_drainage WHERE label = 'Somewhat poorly drained')),
((SELECT id FROM "legacy".crops WHERE label = 'Clover, Balansa' and zone = 6),(SELECT id FROM "legacy".soil_drainage WHERE label = 'Moderately well drained')),
((SELECT id FROM "legacy".crops WHERE label = 'Brassica, Forage' and zone = 6),(SELECT id FROM "legacy".soil_drainage WHERE label = 'Well drained')),
((SELECT id FROM "legacy".crops WHERE label = 'Pea, Spring' and zone = 6),(SELECT id FROM "legacy".soil_drainage WHERE label = 'Well drained muck')),
((SELECT id FROM "legacy".crops WHERE label = 'Sunn Hemp' and zone = 6),(SELECT id FROM "legacy".soil_drainage WHERE label = 'Excessively drained')),
((SELECT id FROM "legacy".crops WHERE label = 'Pea, Winter' and zone = 6),(SELECT id FROM "legacy".soil_drainage WHERE label = 'Well drained')),
((SELECT id FROM "legacy".crops WHERE label = 'Turnip, Purple Top' and zone = 6),(SELECT id FROM "legacy".soil_drainage WHERE label = 'Well drained muck')),
((SELECT id FROM "legacy".crops WHERE label = 'Wheat, Winter' and zone = 6),(SELECT id FROM "legacy".soil_drainage WHERE label = 'Well drained')),
((SELECT id FROM "legacy".crops WHERE label = 'Millet, Pearl' and zone = 6),(SELECT id FROM "legacy".soil_drainage WHERE label = 'Somewhat Excessively Drained')),
((SELECT id FROM "legacy".crops WHERE label = 'Sorghum-sudangrass' and zone = 6),(SELECT id FROM "legacy".soil_drainage WHERE label = 'Somewhat Excessively Drained')),
((SELECT id FROM "legacy".crops WHERE label = 'Vetch, Hairy' and zone = 6),(SELECT id FROM "legacy".soil_drainage WHERE label = 'Moderately well drained')),
((SELECT id FROM "legacy".crops WHERE label = 'Sorghum-sudangrass' and zone = 6),(SELECT id FROM "legacy".soil_drainage WHERE label = 'Somewhat poorly drained')),
((SELECT id FROM "legacy".crops WHERE label = 'Clover, Red' and zone = 6),(SELECT id FROM "legacy".soil_drainage WHERE label = 'Well drained')),
((SELECT id FROM "legacy".crops WHERE label = 'Phacelia' and zone = 6),(SELECT id FROM "legacy".soil_drainage WHERE label = 'Excessively drained')),
((SELECT id FROM "legacy".crops WHERE label = 'Turnip, Forage' and zone = 6),(SELECT id FROM "legacy".soil_drainage WHERE label = 'Well drained')),
((SELECT id FROM "legacy".crops WHERE label = 'Sorghum-sudangrass' and zone = 6),(SELECT id FROM "legacy".soil_drainage WHERE label = 'Moderately well drained')),
((SELECT id FROM "legacy".crops WHERE label = 'Millet, Japanese' and zone = 6),(SELECT id FROM "legacy".soil_drainage WHERE label = 'Saturated muck')),
((SELECT id FROM "legacy".crops WHERE label = 'Oats, Spring' and zone = 6),(SELECT id FROM "legacy".soil_drainage WHERE label = 'Somewhat poorly drained')),
((SELECT id FROM "legacy".crops WHERE label = 'Sunflower' and zone = 6),(SELECT id FROM "legacy".soil_drainage WHERE label = 'Well drained muck')),
((SELECT id FROM "legacy".crops WHERE label = 'Clover, Berseem' and zone = 6),(SELECT id FROM "legacy".soil_drainage WHERE label = 'Moderately well drained')),
((SELECT id FROM "legacy".crops WHERE label = 'Millet, Pearl' and zone = 6),(SELECT id FROM "legacy".soil_drainage WHERE label = 'Well drained muck')),
((SELECT id FROM "legacy".crops WHERE label = 'Millet, Pearl' and zone = 6),(SELECT id FROM "legacy".soil_drainage WHERE label = 'Well drained')),
((SELECT id FROM "legacy".crops WHERE label = 'Oats, Black' and zone = 6),(SELECT id FROM "legacy".soil_drainage WHERE label = 'Somewhat Excessively Drained')),
((SELECT id FROM "legacy".crops WHERE label = 'Ryegrass, Annual' and zone = 6),(SELECT id FROM "legacy".soil_drainage WHERE label = 'Well drained')),
((SELECT id FROM "legacy".crops WHERE label = 'Triticale, Winter' and zone = 6),(SELECT id FROM "legacy".soil_drainage WHERE label = 'Well drained')),
((SELECT id FROM "legacy".crops WHERE label = 'Turnip, Forage' and zone = 6),(SELECT id FROM "legacy".soil_drainage WHERE label = 'Somewhat poorly drained')),
((SELECT id FROM "legacy".crops WHERE label = 'Triticale, Winter' and zone = 6),(SELECT id FROM "legacy".soil_drainage WHERE label = 'Moderately well drained')),
((SELECT id FROM "legacy".crops WHERE label = 'Wheat, Winter' and zone = 6),(SELECT id FROM "legacy".soil_drainage WHERE label = 'Somewhat Excessively Drained')),
((SELECT id FROM "legacy".crops WHERE label = 'Barley, Spring' and zone = 6),(SELECT id FROM "legacy".soil_drainage WHERE label = 'Well drained')),
((SELECT id FROM "legacy".crops WHERE label = 'Vetch, Hairy' and zone = 6),(SELECT id FROM "legacy".soil_drainage WHERE label = 'Well drained muck')),
((SELECT id FROM "legacy".crops WHERE label = 'Wheat, Spring' and zone = 6),(SELECT id FROM "legacy".soil_drainage WHERE label = 'Well drained muck')),
((SELECT id FROM "legacy".crops WHERE label = 'Brassica, Forage' and zone = 6),(SELECT id FROM "legacy".soil_drainage WHERE label = 'Moderately well drained')),
((SELECT id FROM "legacy".crops WHERE label = 'Clover, Berseem' and zone = 6),(SELECT id FROM "legacy".soil_drainage WHERE label = 'Well drained')),
((SELECT id FROM "legacy".crops WHERE label = 'Buckwheat' and zone = 6),(SELECT id FROM "legacy".soil_drainage WHERE label = 'Well drained muck')),
((SELECT id FROM "legacy".crops WHERE label = 'Ryegrass, Annual' and zone = 6),(SELECT id FROM "legacy".soil_drainage WHERE label = 'Moderately well drained')),
((SELECT id FROM "legacy".crops WHERE label = 'Buckwheat' and zone = 6),(SELECT id FROM "legacy".soil_drainage WHERE label = 'Well drained')),
((SELECT id FROM "legacy".crops WHERE label = 'Sunflower' and zone = 6),(SELECT id FROM "legacy".soil_drainage WHERE label = 'Moderately well drained')),
((SELECT id FROM "legacy".crops WHERE label = 'Turnip, Forage' and zone = 6),(SELECT id FROM "legacy".soil_drainage WHERE label = 'Well drained muck')),
((SELECT id FROM "legacy".crops WHERE label = 'Cowpea' and zone = 6),(SELECT id FROM "legacy".soil_drainage WHERE label = 'Well drained')),
((SELECT id FROM "legacy".crops WHERE label = 'Clover, Red' and zone = 6),(SELECT id FROM "legacy".soil_drainage WHERE label = 'Moderately well drained')),
((SELECT id FROM "legacy".crops WHERE label = 'Ryegrass, Perennial' and zone = 6),(SELECT id FROM "legacy".soil_drainage WHERE label = 'Poorly drained')),
((SELECT id FROM "legacy".crops WHERE label = 'Radish, Forage' and zone = 6),(SELECT id FROM "legacy".soil_drainage WHERE label = 'Well drained muck')),
((SELECT id FROM "legacy".crops WHERE label = 'Cowpea' and zone = 6),(SELECT id FROM "legacy".soil_drainage WHERE label = 'Well drained muck')),
((SELECT id FROM "legacy".crops WHERE label = 'Phacelia' and zone = 6),(SELECT id FROM "legacy".soil_drainage WHERE label = 'Moderately well drained')),
((SELECT id FROM "legacy".crops WHERE label = 'Barley, Spring' and zone = 6),(SELECT id FROM "legacy".soil_drainage WHERE label = 'Somewhat Excessively Drained')),
((SELECT id FROM "legacy".crops WHERE label = 'Sorghum-sudangrass' and zone = 6),(SELECT id FROM "legacy".soil_drainage WHERE label = 'Well drained')),
((SELECT id FROM "legacy".crops WHERE label = 'Millet, Pearl' and zone = 6),(SELECT id FROM "legacy".soil_drainage WHERE label = 'Moderately well drained')),
((SELECT id FROM "legacy".crops WHERE label = 'Teff' and zone = 6),(SELECT id FROM "legacy".soil_drainage WHERE label = 'Well drained')),
((SELECT id FROM "legacy".crops WHERE label = 'Cereal Rye, Spring' and zone = 6),(SELECT id FROM "legacy".soil_drainage WHERE label = 'Somewhat poorly drained')),
((SELECT id FROM "legacy".crops WHERE label = 'Sweetclover, Yellow' and zone = 6),(SELECT id FROM "legacy".soil_drainage WHERE label = 'Somewhat Excessively Drained')),
((SELECT id FROM "legacy".crops WHERE label = 'Phacelia' and zone = 6),(SELECT id FROM "legacy".soil_drainage WHERE label = 'Well drained muck')),
((SELECT id FROM "legacy".crops WHERE label = 'Sunflower' and zone = 6),(SELECT id FROM "legacy".soil_drainage WHERE label = 'Excessively drained')),
((SELECT id FROM "legacy".crops WHERE label = 'Oats, Spring' and zone = 6),(SELECT id FROM "legacy".soil_drainage WHERE label = 'Excessively drained')),
((SELECT id FROM "legacy".crops WHERE label = 'Oats, Black' and zone = 6),(SELECT id FROM "legacy".soil_drainage WHERE label = 'Somewhat poorly drained')),
((SELECT id FROM "legacy".crops WHERE label = 'Sunflower' and zone = 6),(SELECT id FROM "legacy".soil_drainage WHERE label = 'Somewhat Excessively Drained')),
((SELECT id FROM "legacy".crops WHERE label = 'Ryegrass, Perennial' and zone = 6),(SELECT id FROM "legacy".soil_drainage WHERE label = 'Somewhat poorly drained')),
((SELECT id FROM "legacy".crops WHERE label = 'Oats, Spring' and zone = 6),(SELECT id FROM "legacy".soil_drainage WHERE label = 'Well drained muck')),
((SELECT id FROM "legacy".crops WHERE label = 'Triticale, Winter' and zone = 6),(SELECT id FROM "legacy".soil_drainage WHERE label = 'Somewhat Excessively Drained')),
((SELECT id FROM "legacy".crops WHERE label = 'Pea, Winter' and zone = 6),(SELECT id FROM "legacy".soil_drainage WHERE label = 'Moderately well drained')),
((SELECT id FROM "legacy".crops WHERE label = 'Turnip, Purple Top' and zone = 6),(SELECT id FROM "legacy".soil_drainage WHERE label = 'Moderately well drained')),
((SELECT id FROM "legacy".crops WHERE label = 'Millet, Japanese' and zone = 6),(SELECT id FROM "legacy".soil_drainage WHERE label = 'Somewhat poorly drained')),
((SELECT id FROM "legacy".crops WHERE label = 'Oats' and zone = 6),(SELECT id FROM "legacy".soil_drainage WHERE label = 'Well drained muck')),
((SELECT id FROM "legacy".crops WHERE label = 'Pea, Spring' and zone = 6),(SELECT id FROM "legacy".soil_drainage WHERE label = 'Well drained')),
((SELECT id FROM "legacy".crops WHERE label = 'Pea, Spring' and zone = 6),(SELECT id FROM "legacy".soil_drainage WHERE label = 'Somewhat Excessively Drained')),
((SELECT id FROM "legacy".crops WHERE label = 'Oats' and zone = 6),(SELECT id FROM "legacy".soil_drainage WHERE label = 'Somewhat Excessively Drained')),
((SELECT id FROM "legacy".crops WHERE label = 'Cereal Rye, Spring' and zone = 6),(SELECT id FROM "legacy".soil_drainage WHERE label = 'Well drained')),
((SELECT id FROM "legacy".crops WHERE label = 'Mustard' and zone = 6),(SELECT id FROM "legacy".soil_drainage WHERE label = 'Somewhat poorly drained')),
((SELECT id FROM "legacy".crops WHERE label = 'Oats, Black' and zone = 6),(SELECT id FROM "legacy".soil_drainage WHERE label = 'Well drained')),
((SELECT id FROM "legacy".crops WHERE label = 'Pea, Winter' and zone = 6),(SELECT id FROM "legacy".soil_drainage WHERE label = 'Excessively drained')),
((SELECT id FROM "legacy".crops WHERE label = 'Soybeans' and zone = 6),(SELECT id FROM "legacy".soil_drainage WHERE label = 'Well drained')),
((SELECT id FROM "legacy".crops WHERE label = 'Rapeseed, Forage' and zone = 6),(SELECT id FROM "legacy".soil_drainage WHERE label = 'Moderately well drained')),
((SELECT id FROM "legacy".crops WHERE label = 'Millet, Japanese' and zone = 6),(SELECT id FROM "legacy".soil_drainage WHERE label = 'Very poorly drained')),
((SELECT id FROM "legacy".crops WHERE label = 'Triticale, Winter' and zone = 6),(SELECT id FROM "legacy".soil_drainage WHERE label = 'Well drained muck')),
((SELECT id FROM "legacy".crops WHERE label = 'Oats' and zone = 6),(SELECT id FROM "legacy".soil_drainage WHERE label = 'Excessively drained')),
((SELECT id FROM "legacy".crops WHERE label = 'Wheat, Spring' and zone = 6),(SELECT id FROM "legacy".soil_drainage WHERE label = 'Excessively drained')),
((SELECT id FROM "legacy".crops WHERE label = 'Sunn Hemp' and zone = 6),(SELECT id FROM "legacy".soil_drainage WHERE label = 'Somewhat poorly drained')),
((SELECT id FROM "legacy".crops WHERE label = 'Wheat, Winter' and zone = 6),(SELECT id FROM "legacy".soil_drainage WHERE label = 'Excessively drained')),
((SELECT id FROM "legacy".crops WHERE label = 'Barley, Spring' and zone = 6),(SELECT id FROM "legacy".soil_drainage WHERE label = 'Excessively drained')),
((SELECT id FROM "legacy".crops WHERE label = 'Ryegrass, Perennial' and zone = 6),(SELECT id FROM "legacy".soil_drainage WHERE label = 'Saturated muck')),
((SELECT id FROM "legacy".crops WHERE label = 'Clover, Crimson' and zone = 6),(SELECT id FROM "legacy".soil_drainage WHERE label = 'Well drained muck')),
((SELECT id FROM "legacy".crops WHERE label = 'Sunn Hemp' and zone = 6),(SELECT id FROM "legacy".soil_drainage WHERE label = 'Well drained')),
((SELECT id FROM "legacy".crops WHERE label = 'Cowpea' and zone = 6),(SELECT id FROM "legacy".soil_drainage WHERE label = 'Somewhat Excessively Drained')),
((SELECT id FROM "legacy".crops WHERE label = 'Cereal Rye, Winter' and zone = 6),(SELECT id FROM "legacy".soil_drainage WHERE label = 'Somewhat poorly drained')),
((SELECT id FROM "legacy".crops WHERE label = 'Pea, Spring' and zone = 6),(SELECT id FROM "legacy".soil_drainage WHERE label = 'Excessively drained')),
((SELECT id FROM "legacy".crops WHERE label = 'Phacelia' and zone = 6),(SELECT id FROM "legacy".soil_drainage WHERE label = 'Poorly drained')),
((SELECT id FROM "legacy".crops WHERE label = 'Sweetclover, Yellow' and zone = 6),(SELECT id FROM "legacy".soil_drainage WHERE label = 'Poorly drained')),
((SELECT id FROM "legacy".crops WHERE label = 'Sunflower' and zone = 6),(SELECT id FROM "legacy".soil_drainage WHERE label = 'Somewhat poorly drained')),
((SELECT id FROM "legacy".crops WHERE label = 'Pea, Winter' and zone = 6),(SELECT id FROM "legacy".soil_drainage WHERE label = 'Somewhat Excessively Drained')),
((SELECT id FROM "legacy".crops WHERE label = 'Cereal Rye, Spring' and zone = 6),(SELECT id FROM "legacy".soil_drainage WHERE label = 'Saturated muck')),
((SELECT id FROM "legacy".crops WHERE label = 'Clover, Balansa' and zone = 6),(SELECT id FROM "legacy".soil_drainage WHERE label = 'Somewhat poorly drained')),
((SELECT id FROM "legacy".crops WHERE label = 'Barley, Winter' and zone = 6),(SELECT id FROM "legacy".soil_drainage WHERE label = 'Well drained muck')),
((SELECT id FROM "legacy".crops WHERE label = 'Teff' and zone = 6),(SELECT id FROM "legacy".soil_drainage WHERE label = 'Well drained muck')),
((SELECT id FROM "legacy".crops WHERE label = 'Vetch, Hairy' and zone = 6),(SELECT id FROM "legacy".soil_drainage WHERE label = 'Somewhat Excessively Drained')),
((SELECT id FROM "legacy".crops WHERE label = 'Brassica, Forage' and zone = 6),(SELECT id FROM "legacy".soil_drainage WHERE label = 'Somewhat Excessively Drained')),
((SELECT id FROM "legacy".crops WHERE label = 'Phacelia' and zone = 6),(SELECT id FROM "legacy".soil_drainage WHERE label = 'Somewhat poorly drained')),
((SELECT id FROM "legacy".crops WHERE label = 'Cowpea' and zone = 6),(SELECT id FROM "legacy".soil_drainage WHERE label = 'Moderately well drained')),
((SELECT id FROM "legacy".crops WHERE label = 'Cowpea' and zone = 6),(SELECT id FROM "legacy".soil_drainage WHERE label = 'Excessively drained')),
((SELECT id FROM "legacy".crops WHERE label = 'Clover, Berseem' and zone = 6),(SELECT id FROM "legacy".soil_drainage WHERE label = 'Somewhat poorly drained')),
((SELECT id FROM "legacy".crops WHERE label = 'Clover, Balansa' and zone = 6),(SELECT id FROM "legacy".soil_drainage WHERE label = 'Well drained')),
((SELECT id FROM "legacy".crops WHERE label = 'Cereal Rye, Spring' and zone = 6),(SELECT id FROM "legacy".soil_drainage WHERE label = 'Moderately well drained')),
((SELECT id FROM "legacy".crops WHERE label = 'Turnip, Purple Top' and zone = 6),(SELECT id FROM "legacy".soil_drainage WHERE label = 'Somewhat poorly drained')),
((SELECT id FROM "legacy".crops WHERE label = 'Pea, Spring' and zone = 6),(SELECT id FROM "legacy".soil_drainage WHERE label = 'Somewhat poorly drained')),
((SELECT id FROM "legacy".crops WHERE label = 'Sweetclover, Yellow' and zone = 6),(SELECT id FROM "legacy".soil_drainage WHERE label = 'Somewhat poorly drained')),
((SELECT id FROM "legacy".crops WHERE label = 'Cereal Rye, Winter' and zone = 6),(SELECT id FROM "legacy".soil_drainage WHERE label = 'Well drained')),
((SELECT id FROM "legacy".crops WHERE label = 'Brassica, Forage' and zone = 6),(SELECT id FROM "legacy".soil_drainage WHERE label = 'Well drained muck')),
((SELECT id FROM "legacy".crops WHERE label = 'Cereal Rye, Winter' and zone = 6),(SELECT id FROM "legacy".soil_drainage WHERE label = 'Moderately well drained')),
((SELECT id FROM "legacy".crops WHERE label = 'Millet, Japanese' and zone = 6),(SELECT id FROM "legacy".soil_drainage WHERE label = 'Well drained muck')),
((SELECT id FROM "legacy".crops WHERE label = 'Soybeans' and zone = 6),(SELECT id FROM "legacy".soil_drainage WHERE label = 'Somewhat poorly drained')),
((SELECT id FROM "legacy".crops WHERE label = 'Oats, Black' and zone = 6),(SELECT id FROM "legacy".soil_drainage WHERE label = 'Moderately well drained')),
((SELECT id FROM "legacy".crops WHERE label = 'Soybeans' and zone = 6),(SELECT id FROM "legacy".soil_drainage WHERE label = 'Well drained muck')),
((SELECT id FROM "legacy".crops WHERE label = 'Sweetclover, Yellow' and zone = 6),(SELECT id FROM "legacy".soil_drainage WHERE label = 'Well drained muck')),
((SELECT id FROM "legacy".crops WHERE label = 'Radish, Forage' and zone = 6),(SELECT id FROM "legacy".soil_drainage WHERE label = 'Well drained')),
((SELECT id FROM "legacy".crops WHERE label = 'Radish, Forage' and zone = 6),(SELECT id FROM "legacy".soil_drainage WHERE label = 'Moderately well drained')),
((SELECT id FROM "legacy".crops WHERE label = 'Teff' and zone = 6),(SELECT id FROM "legacy".soil_drainage WHERE label = 'Somewhat poorly drained')),
((SELECT id FROM "legacy".crops WHERE label = 'Ryegrass, Annual' and zone = 6),(SELECT id FROM "legacy".soil_drainage WHERE label = 'Saturated muck')),
((SELECT id FROM "legacy".crops WHERE label = 'Mustard' and zone = 6),(SELECT id FROM "legacy".soil_drainage WHERE label = 'Well drained')),
((SELECT id FROM "legacy".crops WHERE label = 'Sudangrass' and zone = 6),(SELECT id FROM "legacy".soil_drainage WHERE label = 'Well drained muck')),
((SELECT id FROM "legacy".crops WHERE label = 'Teff' and zone = 6),(SELECT id FROM "legacy".soil_drainage WHERE label = 'Moderately well drained')),
((SELECT id FROM "legacy".crops WHERE label = 'Wheat, Winter' and zone = 6),(SELECT id FROM "legacy".soil_drainage WHERE label = 'Moderately well drained')),
((SELECT id FROM "legacy".crops WHERE label = 'Phacelia' and zone = 6),(SELECT id FROM "legacy".soil_drainage WHERE label = 'Somewhat Excessively Drained')),
((SELECT id FROM "legacy".crops WHERE label = 'Vetch, Hairy' and zone = 6),(SELECT id FROM "legacy".soil_drainage WHERE label = 'Well drained')),
((SELECT id FROM "legacy".crops WHERE label = 'Radish, Forage' and zone = 6),(SELECT id FROM "legacy".soil_drainage WHERE label = 'Poorly drained')),
((SELECT id FROM "legacy".crops WHERE label = 'Soybeans' and zone = 6),(SELECT id FROM "legacy".soil_drainage WHERE label = 'Moderately well drained')),
((SELECT id FROM "legacy".crops WHERE label = 'Cereal Rye, Spring' and zone = 6),(SELECT id FROM "legacy".soil_drainage WHERE label = 'Somewhat Excessively Drained')),
((SELECT id FROM "legacy".crops WHERE label = 'Barley, Winter' and zone = 6),(SELECT id FROM "legacy".soil_drainage WHERE label = 'Excessively drained')),
((SELECT id FROM "legacy".crops WHERE label = 'Oats, Spring' and zone = 6),(SELECT id FROM "legacy".soil_drainage WHERE label = 'Well drained')),
((SELECT id FROM "legacy".crops WHERE label = 'Cereal Rye, Winter' and zone = 6),(SELECT id FROM "legacy".soil_drainage WHERE label = 'Well drained muck')),
((SELECT id FROM "legacy".crops WHERE label = 'Oats' and zone = 6),(SELECT id FROM "legacy".soil_drainage WHERE label = 'Somewhat poorly drained')),
((SELECT id FROM "legacy".crops WHERE label = 'Rapeseed, Forage' and zone = 6),(SELECT id FROM "legacy".soil_drainage WHERE label = 'Somewhat Excessively Drained')),
((SELECT id FROM "legacy".crops WHERE label = 'Oats, Black' and zone = 6),(SELECT id FROM "legacy".soil_drainage WHERE label = 'Well drained muck')),
((SELECT id FROM "legacy".crops WHERE label = 'Oats' and zone = 6),(SELECT id FROM "legacy".soil_drainage WHERE label = 'Moderately well drained')),
((SELECT id FROM "legacy".crops WHERE label = 'Millet, Japanese' and zone = 6),(SELECT id FROM "legacy".soil_drainage WHERE label = 'Poorly drained')),
((SELECT id FROM "legacy".crops WHERE label = 'Ryegrass, Perennial' and zone = 6),(SELECT id FROM "legacy".soil_drainage WHERE label = 'Well drained')),
((SELECT id FROM "legacy".crops WHERE label = 'Mustard' and zone = 6),(SELECT id FROM "legacy".soil_drainage WHERE label = 'Moderately well drained')),
((SELECT id FROM "legacy".crops WHERE label = 'Millet, Pearl' and zone = 6),(SELECT id FROM "legacy".soil_drainage WHERE label = 'Saturated muck')),
((SELECT id FROM "legacy".crops WHERE label = 'Sunn Hemp' and zone = 6),(SELECT id FROM "legacy".soil_drainage WHERE label = 'Well drained muck')),
((SELECT id FROM "legacy".crops WHERE label = 'Millet, Pearl' and zone = 6),(SELECT id FROM "legacy".soil_drainage WHERE label = 'Somewhat poorly drained')),
((SELECT id FROM "legacy".crops WHERE label = 'Barley, Winter' and zone = 6),(SELECT id FROM "legacy".soil_drainage WHERE label = 'Well drained')),
((SELECT id FROM "legacy".crops WHERE label = 'Rapeseed, Forage' and zone = 6),(SELECT id FROM "legacy".soil_drainage WHERE label = 'Well drained')),
((SELECT id FROM "legacy".crops WHERE label = 'Sunflower' and zone = 6),(SELECT id FROM "legacy".soil_drainage WHERE label = 'Well drained')),
((SELECT id FROM "legacy".crops WHERE label = 'Millet, Pearl' and zone = 6),(SELECT id FROM "legacy".soil_drainage WHERE label = 'Excessively drained')),
((SELECT id FROM "legacy".crops WHERE label = 'Ryegrass, Annual' and zone = 6),(SELECT id FROM "legacy".soil_drainage WHERE label = 'Well drained muck')),
((SELECT id FROM "legacy".crops WHERE label = 'Cereal Rye, Winter' and zone = 6),(SELECT id FROM "legacy".soil_drainage WHERE label = 'Saturated muck')),
((SELECT id FROM "legacy".crops WHERE label = 'Clover, Crimson' and zone = 6),(SELECT id FROM "legacy".soil_drainage WHERE label = 'Moderately well drained')),
((SELECT id FROM "legacy".crops WHERE label = 'Oats, Spring' and zone = 6),(SELECT id FROM "legacy".soil_drainage WHERE label = 'Moderately well drained')),
((SELECT id FROM "legacy".crops WHERE label = 'Oats' and zone = 6),(SELECT id FROM "legacy".soil_drainage WHERE label = 'Well drained')),
((SELECT id FROM "legacy".crops WHERE label = 'Triticale, Winter' and zone = 6),(SELECT id FROM "legacy".soil_drainage WHERE label = 'Somewhat poorly drained')),
((SELECT id FROM "legacy".crops WHERE label = 'Clover, Red' and zone = 6),(SELECT id FROM "legacy".soil_drainage WHERE label = 'Poorly drained')),
((SELECT id FROM "legacy".crops WHERE label = 'Ryegrass, Perennial' and zone = 6),(SELECT id FROM "legacy".soil_drainage WHERE label = 'Well drained muck')),
((SELECT id FROM "legacy".crops WHERE label = 'Sudangrass' and zone = 6),(SELECT id FROM "legacy".soil_drainage WHERE label = 'Somewhat Excessively Drained')),
((SELECT id FROM "legacy".crops WHERE label = 'Triticale, Spring' and zone = 6),(SELECT id FROM "legacy".soil_drainage WHERE label = 'Moderately well drained')),
((SELECT id FROM "legacy".crops WHERE label = 'Buckwheat' and zone = 6),(SELECT id FROM "legacy".soil_drainage WHERE label = 'Moderately well drained')),
((SELECT id FROM "legacy".crops WHERE label = 'Rapeseed, Forage' and zone = 6),(SELECT id FROM "legacy".soil_drainage WHERE label = 'Well drained muck')),
((SELECT id FROM "legacy".crops WHERE label = 'Ryegrass, Perennial' and zone = 6),(SELECT id FROM "legacy".soil_drainage WHERE label = 'Moderately well drained')),
((SELECT id FROM "legacy".crops WHERE label = 'Wheat, Spring' and zone = 6),(SELECT id FROM "legacy".soil_drainage WHERE label = 'Moderately well drained')),
((SELECT id FROM "legacy".crops WHERE label = 'Oats, Black' and zone = 6),(SELECT id FROM "legacy".soil_drainage WHERE label = 'Excessively drained')),
((SELECT id FROM "legacy".crops WHERE label = 'Millet, Japanese' and zone = 6),(SELECT id FROM "legacy".soil_drainage WHERE label = 'Moderately well drained')),
((SELECT id FROM "legacy".crops WHERE label = 'Sorghum-sudangrass' and zone = 6),(SELECT id FROM "legacy".soil_drainage WHERE label = 'Well drained muck')),
((SELECT id FROM "legacy".crops WHERE label = 'Sudangrass' and zone = 6),(SELECT id FROM "legacy".soil_drainage WHERE label = 'Excessively drained')),
((SELECT id FROM "legacy".crops WHERE label = 'Pea, Spring' and zone = 6),(SELECT id FROM "legacy".soil_drainage WHERE label = 'Moderately well drained')),
((SELECT id FROM "legacy".crops WHERE label = 'Mustard' and zone = 6),(SELECT id FROM "legacy".soil_drainage WHERE label = 'Somewhat Excessively Drained')),
((SELECT id FROM "legacy".crops WHERE label = 'Clover, Crimson' and zone = 6),(SELECT id FROM "legacy".soil_drainage WHERE label = 'Well drained')),
((SELECT id FROM "legacy".crops WHERE label = 'Turnip, Purple Top' and zone = 6),(SELECT id FROM "legacy".soil_drainage WHERE label = 'Well drained')),
((SELECT id FROM "legacy".crops WHERE label = 'Turnip, Forage' and zone = 6),(SELECT id FROM "legacy".soil_drainage WHERE label = 'Moderately well drained')),
((SELECT id FROM "legacy".crops WHERE label = 'Vetch, Hairy' and zone = 6),(SELECT id FROM "legacy".soil_drainage WHERE label = 'Somewhat poorly drained')),
((SELECT id FROM "legacy".crops WHERE label = 'Teff' and zone = 6),(SELECT id FROM "legacy".soil_drainage WHERE label = 'Excessively drained')),
((SELECT id FROM "legacy".crops WHERE label = 'Rapeseed, Forage' and zone = 6),(SELECT id FROM "legacy".soil_drainage WHERE label = 'Somewhat poorly drained')),
((SELECT id FROM "legacy".crops WHERE label = 'Radish, Forage' and zone = 6),(SELECT id FROM "legacy".soil_drainage WHERE label = 'Somewhat Excessively Drained')),
((SELECT id FROM "legacy".crops WHERE label = 'Clover, Crimson' and zone = 6),(SELECT id FROM "legacy".soil_drainage WHERE label = 'Somewhat poorly drained')),
((SELECT id FROM "legacy".crops WHERE label = 'Barley, Winter' and zone = 6),(SELECT id FROM "legacy".soil_drainage WHERE label = 'Somewhat Excessively Drained')),
((SELECT id FROM "legacy".crops WHERE label = 'Sunn Hemp' and zone = 6),(SELECT id FROM "legacy".soil_drainage WHERE label = 'Somewhat Excessively Drained')),
((SELECT id FROM "legacy".crops WHERE label = 'Teff' and zone = 6),(SELECT id FROM "legacy".soil_drainage WHERE label = 'Somewhat Excessively Drained')),
((SELECT id FROM "legacy".crops WHERE label = 'Pea, Winter' and zone = 6),(SELECT id FROM "legacy".soil_drainage WHERE label = 'Somewhat poorly drained')),
((SELECT id FROM "legacy".crops WHERE label = 'Sudangrass' and zone = 6),(SELECT id FROM "legacy".soil_drainage WHERE label = 'Moderately well drained')),
((SELECT id FROM "legacy".crops WHERE label = 'Triticale, Spring' and zone = 6),(SELECT id FROM "legacy".soil_drainage WHERE label = 'Somewhat Excessively Drained')),
((SELECT id FROM "legacy".crops WHERE label = 'Wheat, Spring' and zone = 6),(SELECT id FROM "legacy".soil_drainage WHERE label = 'Somewhat poorly drained')),
((SELECT id FROM "legacy".crops WHERE label = 'Sudangrass' and zone = 6),(SELECT id FROM "legacy".soil_drainage WHERE label = 'Well drained')),
((SELECT id FROM "legacy".crops WHERE label = 'Wheat, Spring' and zone = 6),(SELECT id FROM "legacy".soil_drainage WHERE label = 'Somewhat Excessively Drained')),
((SELECT id FROM "legacy".crops WHERE label = 'Sweetclover, Yellow' and zone = 6),(SELECT id FROM "legacy".soil_drainage WHERE label = 'Moderately well drained')),
((SELECT id FROM "legacy".crops WHERE label = 'Sweetclover, Yellow' and zone = 6),(SELECT id FROM "legacy".soil_drainage WHERE label = 'Well drained')),
((SELECT id FROM "legacy".crops WHERE label = 'Triticale, Spring' and zone = 6),(SELECT id FROM "legacy".soil_drainage WHERE label = 'Somewhat poorly drained')),
((SELECT id FROM "legacy".crops WHERE label = 'Millet, Japanese' and zone = 6),(SELECT id FROM "legacy".soil_drainage WHERE label = 'Well drained')),
((SELECT id FROM "legacy".crops WHERE label = 'Soybeans' and zone = 6),(SELECT id FROM "legacy".soil_drainage WHERE label = 'Excessively drained')),
((SELECT id FROM "legacy".crops WHERE label = 'Phacelia' and zone = 6),(SELECT id FROM "legacy".soil_drainage WHERE label = 'Well drained')),
((SELECT id FROM "legacy".crops WHERE label = 'Sorghum-sudangrass' and zone = 6),(SELECT id FROM "legacy".soil_drainage WHERE label = 'Excessively drained')),
((SELECT id FROM "legacy".crops WHERE label = 'Sudangrass' and zone = 6),(SELECT id FROM "legacy".soil_drainage WHERE label = 'Somewhat poorly drained'));
INSERT INTO  "legacy".crops_inoculant_type (crop_id, inoculant_type_id) VALUES
((SELECT id FROM "legacy".crops WHERE label = 'Cowpea' and zone = 6),(SELECT id FROM "legacy".inoculant_type WHERE label = 'cowpea')),
((SELECT id FROM "legacy".crops WHERE label = 'Sunflower' and zone = 6),(SELECT id FROM "legacy".inoculant_type WHERE label = 'none')),
((SELECT id FROM "legacy".crops WHERE label = 'Barley, Spring' and zone = 6),(SELECT id FROM "legacy".inoculant_type WHERE label = 'none')),
((SELECT id FROM "legacy".crops WHERE label = 'Clover, Berseem' and zone = 6),(SELECT id FROM "legacy".inoculant_type WHERE label = 'crimson clover')),
((SELECT id FROM "legacy".crops WHERE label = 'Sudangrass' and zone = 6),(SELECT id FROM "legacy".inoculant_type WHERE label = 'none')),
((SELECT id FROM "legacy".crops WHERE label = 'Oats, Black' and zone = 6),(SELECT id FROM "legacy".inoculant_type WHERE label = 'none')),
((SELECT id FROM "legacy".crops WHERE label = 'Turnip, Forage' and zone = 6),(SELECT id FROM "legacy".inoculant_type WHERE label = 'none')),
((SELECT id FROM "legacy".crops WHERE label = 'Ryegrass, Annual' and zone = 6),(SELECT id FROM "legacy".inoculant_type WHERE label = 'none')),
((SELECT id FROM "legacy".crops WHERE label = 'Wheat, Spring' and zone = 6),(SELECT id FROM "legacy".inoculant_type WHERE label = 'none')),
((SELECT id FROM "legacy".crops WHERE label = 'Triticale, Spring' and zone = 6),(SELECT id FROM "legacy".inoculant_type WHERE label = 'none')),
((SELECT id FROM "legacy".crops WHERE label = 'Cereal Rye, Spring' and zone = 6),(SELECT id FROM "legacy".inoculant_type WHERE label = 'none')),
((SELECT id FROM "legacy".crops WHERE label = 'Pea, Spring' and zone = 6),(SELECT id FROM "legacy".inoculant_type WHERE label = 'pea/vetch')),
((SELECT id FROM "legacy".crops WHERE label = 'Clover, Crimson' and zone = 6),(SELECT id FROM "legacy".inoculant_type WHERE label = 'berseem clover')),
((SELECT id FROM "legacy".crops WHERE label = 'Triticale, Winter' and zone = 6),(SELECT id FROM "legacy".inoculant_type WHERE label = 'none')),
((SELECT id FROM "legacy".crops WHERE label = 'Ryegrass, Perennial' and zone = 6),(SELECT id FROM "legacy".inoculant_type WHERE label = 'none')),
((SELECT id FROM "legacy".crops WHERE label = 'Oats' and zone = 6),(SELECT id FROM "legacy".inoculant_type WHERE label = 'none')),
((SELECT id FROM "legacy".crops WHERE label = 'Millet, Japanese' and zone = 6),(SELECT id FROM "legacy".inoculant_type WHERE label = 'none')),
((SELECT id FROM "legacy".crops WHERE label = 'Sweetclover, Yellow' and zone = 6),(SELECT id FROM "legacy".inoculant_type WHERE label = 'alfalfa')),
((SELECT id FROM "legacy".crops WHERE label = 'Clover, Red' and zone = 6),(SELECT id FROM "legacy".inoculant_type WHERE label = 'white clover')),
((SELECT id FROM "legacy".crops WHERE label = 'Clover, Berseem' and zone = 6),(SELECT id FROM "legacy".inoculant_type WHERE label = 'berseem clover')),
((SELECT id FROM "legacy".crops WHERE label = 'Phacelia' and zone = 6),(SELECT id FROM "legacy".inoculant_type WHERE label = 'none')),
((SELECT id FROM "legacy".crops WHERE label = 'Cowpea' and zone = 6),(SELECT id FROM "legacy".inoculant_type WHERE label = 'lespedeza')),
((SELECT id FROM "legacy".crops WHERE label = 'Oats, Spring' and zone = 6),(SELECT id FROM "legacy".inoculant_type WHERE label = 'none')),
((SELECT id FROM "legacy".crops WHERE label = 'Sunn Hemp' and zone = 6),(SELECT id FROM "legacy".inoculant_type WHERE label = 'lima bean')),
((SELECT id FROM "legacy".crops WHERE label = 'Teff' and zone = 6),(SELECT id FROM "legacy".inoculant_type WHERE label = 'none')),
((SELECT id FROM "legacy".crops WHERE label = 'Vetch, Hairy' and zone = 6),(SELECT id FROM "legacy".inoculant_type WHERE label = 'pea/vetch')),
((SELECT id FROM "legacy".crops WHERE label = 'Brassica, Forage' and zone = 6),(SELECT id FROM "legacy".inoculant_type WHERE label = 'none')),
((SELECT id FROM "legacy".crops WHERE label = 'Radish, Forage' and zone = 6),(SELECT id FROM "legacy".inoculant_type WHERE label = 'none')),
((SELECT id FROM "legacy".crops WHERE label = 'Rapeseed, Forage' and zone = 6),(SELECT id FROM "legacy".inoculant_type WHERE label = 'none')),
((SELECT id FROM "legacy".crops WHERE label = 'Cereal Rye, Winter' and zone = 6),(SELECT id FROM "legacy".inoculant_type WHERE label = 'none')),
((SELECT id FROM "legacy".crops WHERE label = 'Clover, Crimson' and zone = 6),(SELECT id FROM "legacy".inoculant_type WHERE label = 'crimson clover')),
((SELECT id FROM "legacy".crops WHERE label = 'Buckwheat' and zone = 6),(SELECT id FROM "legacy".inoculant_type WHERE label = 'none')),
((SELECT id FROM "legacy".crops WHERE label = 'Sunn Hemp' and zone = 6),(SELECT id FROM "legacy".inoculant_type WHERE label = 'peanut')),
((SELECT id FROM "legacy".crops WHERE label = 'Barley, Winter' and zone = 6),(SELECT id FROM "legacy".inoculant_type WHERE label = 'none')),
((SELECT id FROM "legacy".crops WHERE label = 'Clover, Balansa' and zone = 6),(SELECT id FROM "legacy".inoculant_type WHERE label = 'berseem clover')),
((SELECT id FROM "legacy".crops WHERE label = 'Millet, Pearl' and zone = 6),(SELECT id FROM "legacy".inoculant_type WHERE label = 'none')),
((SELECT id FROM "legacy".crops WHERE label = 'Sweetclover, Yellow' and zone = 6),(SELECT id FROM "legacy".inoculant_type WHERE label = 'sweetclover')),
((SELECT id FROM "legacy".crops WHERE label = 'Pea, Winter' and zone = 6),(SELECT id FROM "legacy".inoculant_type WHERE label = 'pea/vetch')),
((SELECT id FROM "legacy".crops WHERE label = 'Sorghum-sudangrass' and zone = 6),(SELECT id FROM "legacy".inoculant_type WHERE label = 'none')),
((SELECT id FROM "legacy".crops WHERE label = 'Clover, Red' and zone = 6),(SELECT id FROM "legacy".inoculant_type WHERE label = 'red clover')),
((SELECT id FROM "legacy".crops WHERE label = 'Soybeans' and zone = 6),(SELECT id FROM "legacy".inoculant_type WHERE label = 'soybean')),
((SELECT id FROM "legacy".crops WHERE label = 'Turnip, Purple Top' and zone = 6),(SELECT id FROM "legacy".inoculant_type WHERE label = 'none')),
((SELECT id FROM "legacy".crops WHERE label = 'Wheat, Winter' and zone = 6),(SELECT id FROM "legacy".inoculant_type WHERE label = 'none')),
((SELECT id FROM "legacy".crops WHERE label = 'Mustard' and zone = 6),(SELECT id FROM "legacy".inoculant_type WHERE label = 'none')),
((SELECT id FROM "legacy".crops WHERE label = 'Clover, Balansa' and zone = 6),(SELECT id FROM "legacy".inoculant_type WHERE label = 'crimson clover'));
INSERT INTO  "legacy".crops_soil_textures (crop_id, soil_textures_id) VALUES
((SELECT id FROM "legacy".crops WHERE label = 'Pea, Spring' and zone = 6),(SELECT id FROM "legacy".soil_textures WHERE label = 'Medium')),
((SELECT id FROM "legacy".crops WHERE label = 'Cereal Rye, Winter' and zone = 6),(SELECT id FROM "legacy".soil_textures WHERE label = 'Coarse')),
((SELECT id FROM "legacy".crops WHERE label = 'Triticale, Winter' and zone = 6),(SELECT id FROM "legacy".soil_textures WHERE label = 'Fine')),
((SELECT id FROM "legacy".crops WHERE label = 'Wheat, Spring' and zone = 6),(SELECT id FROM "legacy".soil_textures WHERE label = 'Coarse')),
((SELECT id FROM "legacy".crops WHERE label = 'Ryegrass, Annual' and zone = 6),(SELECT id FROM "legacy".soil_textures WHERE label = 'Coarse')),
((SELECT id FROM "legacy".crops WHERE label = 'Millet, Pearl' and zone = 6),(SELECT id FROM "legacy".soil_textures WHERE label = 'Coarse')),
((SELECT id FROM "legacy".crops WHERE label = 'Brassica, Forage' and zone = 6),(SELECT id FROM "legacy".soil_textures WHERE label = 'Medium')),
((SELECT id FROM "legacy".crops WHERE label = 'Oats, Spring' and zone = 6),(SELECT id FROM "legacy".soil_textures WHERE label = 'Medium')),
((SELECT id FROM "legacy".crops WHERE label = 'Millet, Japanese' and zone = 6),(SELECT id FROM "legacy".soil_textures WHERE label = 'Medium')),
((SELECT id FROM "legacy".crops WHERE label = 'Triticale, Spring' and zone = 6),(SELECT id FROM "legacy".soil_textures WHERE label = 'Medium')),
((SELECT id FROM "legacy".crops WHERE label = 'Brassica, Forage' and zone = 6),(SELECT id FROM "legacy".soil_textures WHERE label = 'Fine')),
((SELECT id FROM "legacy".crops WHERE label = 'Oats, Black' and zone = 6),(SELECT id FROM "legacy".soil_textures WHERE label = 'Fine')),
((SELECT id FROM "legacy".crops WHERE label = 'Sudangrass' and zone = 6),(SELECT id FROM "legacy".soil_textures WHERE label = 'Fine')),
((SELECT id FROM "legacy".crops WHERE label = 'Ryegrass, Annual' and zone = 6),(SELECT id FROM "legacy".soil_textures WHERE label = 'Medium')),
((SELECT id FROM "legacy".crops WHERE label = 'Cowpea' and zone = 6),(SELECT id FROM "legacy".soil_textures WHERE label = 'Medium')),
((SELECT id FROM "legacy".crops WHERE label = 'Turnip, Forage' and zone = 6),(SELECT id FROM "legacy".soil_textures WHERE label = 'Coarse')),
((SELECT id FROM "legacy".crops WHERE label = 'Sweetclover, Yellow' and zone = 6),(SELECT id FROM "legacy".soil_textures WHERE label = 'Medium')),
((SELECT id FROM "legacy".crops WHERE label = 'Turnip, Purple Top' and zone = 6),(SELECT id FROM "legacy".soil_textures WHERE label = 'Medium')),
((SELECT id FROM "legacy".crops WHERE label = 'Ryegrass, Annual' and zone = 6),(SELECT id FROM "legacy".soil_textures WHERE label = 'Fine')),
((SELECT id FROM "legacy".crops WHERE label = 'Barley, Spring' and zone = 6),(SELECT id FROM "legacy".soil_textures WHERE label = 'Medium')),
((SELECT id FROM "legacy".crops WHERE label = 'Triticale, Spring' and zone = 6),(SELECT id FROM "legacy".soil_textures WHERE label = 'Coarse')),
((SELECT id FROM "legacy".crops WHERE label = 'Buckwheat' and zone = 6),(SELECT id FROM "legacy".soil_textures WHERE label = 'Medium')),
((SELECT id FROM "legacy".crops WHERE label = 'Millet, Pearl' and zone = 6),(SELECT id FROM "legacy".soil_textures WHERE label = 'Medium')),
((SELECT id FROM "legacy".crops WHERE label = 'Sweetclover, Yellow' and zone = 6),(SELECT id FROM "legacy".soil_textures WHERE label = 'Coarse')),
((SELECT id FROM "legacy".crops WHERE label = 'Rapeseed, Forage' and zone = 6),(SELECT id FROM "legacy".soil_textures WHERE label = 'Fine')),
((SELECT id FROM "legacy".crops WHERE label = 'Soybeans' and zone = 6),(SELECT id FROM "legacy".soil_textures WHERE label = 'Coarse')),
((SELECT id FROM "legacy".crops WHERE label = 'Cowpea' and zone = 6),(SELECT id FROM "legacy".soil_textures WHERE label = 'Fine')),
((SELECT id FROM "legacy".crops WHERE label = 'Radish, Forage' and zone = 6),(SELECT id FROM "legacy".soil_textures WHERE label = 'Medium')),
((SELECT id FROM "legacy".crops WHERE label = 'Sunn Hemp' and zone = 6),(SELECT id FROM "legacy".soil_textures WHERE label = 'Coarse')),
((SELECT id FROM "legacy".crops WHERE label = 'Wheat, Winter' and zone = 6),(SELECT id FROM "legacy".soil_textures WHERE label = 'Coarse')),
((SELECT id FROM "legacy".crops WHERE label = 'Mustard' and zone = 6),(SELECT id FROM "legacy".soil_textures WHERE label = 'Fine')),
((SELECT id FROM "legacy".crops WHERE label = 'Wheat, Spring' and zone = 6),(SELECT id FROM "legacy".soil_textures WHERE label = 'Fine')),
((SELECT id FROM "legacy".crops WHERE label = 'Phacelia' and zone = 6),(SELECT id FROM "legacy".soil_textures WHERE label = 'Fine')),
((SELECT id FROM "legacy".crops WHERE label = 'Sorghum-sudangrass' and zone = 6),(SELECT id FROM "legacy".soil_textures WHERE label = 'Fine')),
((SELECT id FROM "legacy".crops WHERE label = 'Triticale, Spring' and zone = 6),(SELECT id FROM "legacy".soil_textures WHERE label = 'Fine')),
((SELECT id FROM "legacy".crops WHERE label = 'Millet, Japanese' and zone = 6),(SELECT id FROM "legacy".soil_textures WHERE label = 'Fine')),
((SELECT id FROM "legacy".crops WHERE label = 'Clover, Crimson' and zone = 6),(SELECT id FROM "legacy".soil_textures WHERE label = 'Coarse')),
((SELECT id FROM "legacy".crops WHERE label = 'Vetch, Hairy' and zone = 6),(SELECT id FROM "legacy".soil_textures WHERE label = 'Fine')),
((SELECT id FROM "legacy".crops WHERE label = 'Teff' and zone = 6),(SELECT id FROM "legacy".soil_textures WHERE label = 'Coarse')),
((SELECT id FROM "legacy".crops WHERE label = 'Phacelia' and zone = 6),(SELECT id FROM "legacy".soil_textures WHERE label = 'Coarse')),
((SELECT id FROM "legacy".crops WHERE label = 'Sorghum-sudangrass' and zone = 6),(SELECT id FROM "legacy".soil_textures WHERE label = 'Medium')),
((SELECT id FROM "legacy".crops WHERE label = 'Sunflower' and zone = 6),(SELECT id FROM "legacy".soil_textures WHERE label = 'Fine')),
((SELECT id FROM "legacy".crops WHERE label = 'Teff' and zone = 6),(SELECT id FROM "legacy".soil_textures WHERE label = 'Fine')),
((SELECT id FROM "legacy".crops WHERE label = 'Vetch, Hairy' and zone = 6),(SELECT id FROM "legacy".soil_textures WHERE label = 'Coarse')),
((SELECT id FROM "legacy".crops WHERE label = 'Turnip, Forage' and zone = 6),(SELECT id FROM "legacy".soil_textures WHERE label = 'Fine')),
((SELECT id FROM "legacy".crops WHERE label = 'Sunflower' and zone = 6),(SELECT id FROM "legacy".soil_textures WHERE label = 'Coarse')),
((SELECT id FROM "legacy".crops WHERE label = 'Wheat, Winter' and zone = 6),(SELECT id FROM "legacy".soil_textures WHERE label = 'Fine')),
((SELECT id FROM "legacy".crops WHERE label = 'Oats' and zone = 6),(SELECT id FROM "legacy".soil_textures WHERE label = 'Medium')),
((SELECT id FROM "legacy".crops WHERE label = 'Oats' and zone = 6),(SELECT id FROM "legacy".soil_textures WHERE label = 'Coarse')),
((SELECT id FROM "legacy".crops WHERE label = 'Clover, Crimson' and zone = 6),(SELECT id FROM "legacy".soil_textures WHERE label = 'Medium')),
((SELECT id FROM "legacy".crops WHERE label = 'Millet, Japanese' and zone = 6),(SELECT id FROM "legacy".soil_textures WHERE label = 'Coarse')),
((SELECT id FROM "legacy".crops WHERE label = 'Clover, Berseem' and zone = 6),(SELECT id FROM "legacy".soil_textures WHERE label = 'Medium')),
((SELECT id FROM "legacy".crops WHERE label = 'Soybeans' and zone = 6),(SELECT id FROM "legacy".soil_textures WHERE label = 'Fine')),
((SELECT id FROM "legacy".crops WHERE label = 'Sudangrass' and zone = 6),(SELECT id FROM "legacy".soil_textures WHERE label = 'Coarse')),
((SELECT id FROM "legacy".crops WHERE label = 'Cereal Rye, Spring' and zone = 6),(SELECT id FROM "legacy".soil_textures WHERE label = 'Medium')),
((SELECT id FROM "legacy".crops WHERE label = 'Rapeseed, Forage' and zone = 6),(SELECT id FROM "legacy".soil_textures WHERE label = 'Medium')),
((SELECT id FROM "legacy".crops WHERE label = 'Sunflower' and zone = 6),(SELECT id FROM "legacy".soil_textures WHERE label = 'Medium')),
((SELECT id FROM "legacy".crops WHERE label = 'Clover, Red' and zone = 6),(SELECT id FROM "legacy".soil_textures WHERE label = 'Fine')),
((SELECT id FROM "legacy".crops WHERE label = 'Wheat, Spring' and zone = 6),(SELECT id FROM "legacy".soil_textures WHERE label = 'Medium')),
((SELECT id FROM "legacy".crops WHERE label = 'Radish, Forage' and zone = 6),(SELECT id FROM "legacy".soil_textures WHERE label = 'Coarse')),
((SELECT id FROM "legacy".crops WHERE label = 'Oats' and zone = 6),(SELECT id FROM "legacy".soil_textures WHERE label = 'Fine')),
((SELECT id FROM "legacy".crops WHERE label = 'Sorghum-sudangrass' and zone = 6),(SELECT id FROM "legacy".soil_textures WHERE label = 'Coarse')),
((SELECT id FROM "legacy".crops WHERE label = 'Clover, Crimson' and zone = 6),(SELECT id FROM "legacy".soil_textures WHERE label = 'Fine')),
((SELECT id FROM "legacy".crops WHERE label = 'Vetch, Hairy' and zone = 6),(SELECT id FROM "legacy".soil_textures WHERE label = 'Medium')),
((SELECT id FROM "legacy".crops WHERE label = 'Mustard' and zone = 6),(SELECT id FROM "legacy".soil_textures WHERE label = 'Medium')),
((SELECT id FROM "legacy".crops WHERE label = 'Barley, Winter' and zone = 6),(SELECT id FROM "legacy".soil_textures WHERE label = 'Medium')),
((SELECT id FROM "legacy".crops WHERE label = 'Turnip, Purple Top' and zone = 6),(SELECT id FROM "legacy".soil_textures WHERE label = 'Fine')),
((SELECT id FROM "legacy".crops WHERE label = 'Cowpea' and zone = 6),(SELECT id FROM "legacy".soil_textures WHERE label = 'Coarse')),
((SELECT id FROM "legacy".crops WHERE label = 'Sunn Hemp' and zone = 6),(SELECT id FROM "legacy".soil_textures WHERE label = 'Fine')),
((SELECT id FROM "legacy".crops WHERE label = 'Sudangrass' and zone = 6),(SELECT id FROM "legacy".soil_textures WHERE label = 'Medium')),
((SELECT id FROM "legacy".crops WHERE label = 'Pea, Winter' and zone = 6),(SELECT id FROM "legacy".soil_textures WHERE label = 'Medium')),
((SELECT id FROM "legacy".crops WHERE label = 'Clover, Red' and zone = 6),(SELECT id FROM "legacy".soil_textures WHERE label = 'Coarse')),
((SELECT id FROM "legacy".crops WHERE label = 'Ryegrass, Perennial' and zone = 6),(SELECT id FROM "legacy".soil_textures WHERE label = 'Medium')),
((SELECT id FROM "legacy".crops WHERE label = 'Clover, Balansa' and zone = 6),(SELECT id FROM "legacy".soil_textures WHERE label = 'Fine')),
((SELECT id FROM "legacy".crops WHERE label = 'Oats, Spring' and zone = 6),(SELECT id FROM "legacy".soil_textures WHERE label = 'Coarse')),
((SELECT id FROM "legacy".crops WHERE label = 'Sweetclover, Yellow' and zone = 6),(SELECT id FROM "legacy".soil_textures WHERE label = 'Fine')),
((SELECT id FROM "legacy".crops WHERE label = 'Buckwheat' and zone = 6),(SELECT id FROM "legacy".soil_textures WHERE label = 'Coarse')),
((SELECT id FROM "legacy".crops WHERE label = 'Soybeans' and zone = 6),(SELECT id FROM "legacy".soil_textures WHERE label = 'Medium')),
((SELECT id FROM "legacy".crops WHERE label = 'Teff' and zone = 6),(SELECT id FROM "legacy".soil_textures WHERE label = 'Medium')),
((SELECT id FROM "legacy".crops WHERE label = 'Oats, Black' and zone = 6),(SELECT id FROM "legacy".soil_textures WHERE label = 'Coarse')),
((SELECT id FROM "legacy".crops WHERE label = 'Phacelia' and zone = 6),(SELECT id FROM "legacy".soil_textures WHERE label = 'Medium')),
((SELECT id FROM "legacy".crops WHERE label = 'Clover, Red' and zone = 6),(SELECT id FROM "legacy".soil_textures WHERE label = 'Medium')),
((SELECT id FROM "legacy".crops WHERE label = 'Cereal Rye, Winter' and zone = 6),(SELECT id FROM "legacy".soil_textures WHERE label = 'Medium')),
((SELECT id FROM "legacy".crops WHERE label = 'Sunn Hemp' and zone = 6),(SELECT id FROM "legacy".soil_textures WHERE label = 'Medium')),
((SELECT id FROM "legacy".crops WHERE label = 'Triticale, Winter' and zone = 6),(SELECT id FROM "legacy".soil_textures WHERE label = 'Medium')),
((SELECT id FROM "legacy".crops WHERE label = 'Wheat, Winter' and zone = 6),(SELECT id FROM "legacy".soil_textures WHERE label = 'Medium')),
((SELECT id FROM "legacy".crops WHERE label = 'Oats, Black' and zone = 6),(SELECT id FROM "legacy".soil_textures WHERE label = 'Medium')),
((SELECT id FROM "legacy".crops WHERE label = 'Cereal Rye, Spring' and zone = 6),(SELECT id FROM "legacy".soil_textures WHERE label = 'Coarse')),
((SELECT id FROM "legacy".crops WHERE label = 'Turnip, Purple Top' and zone = 6),(SELECT id FROM "legacy".soil_textures WHERE label = 'Coarse')),
((SELECT id FROM "legacy".crops WHERE label = 'Ryegrass, Perennial' and zone = 6),(SELECT id FROM "legacy".soil_textures WHERE label = 'Fine')),
((SELECT id FROM "legacy".crops WHERE label = 'Clover, Berseem' and zone = 6),(SELECT id FROM "legacy".soil_textures WHERE label = 'Fine')),
((SELECT id FROM "legacy".crops WHERE label = 'Radish, Forage' and zone = 6),(SELECT id FROM "legacy".soil_textures WHERE label = 'Fine')),
((SELECT id FROM "legacy".crops WHERE label = 'Turnip, Forage' and zone = 6),(SELECT id FROM "legacy".soil_textures WHERE label = 'Medium')),
((SELECT id FROM "legacy".crops WHERE label = 'Triticale, Winter' and zone = 6),(SELECT id FROM "legacy".soil_textures WHERE label = 'Coarse')),
((SELECT id FROM "legacy".crops WHERE label = 'Oats, Spring' and zone = 6),(SELECT id FROM "legacy".soil_textures WHERE label = 'Fine')),
((SELECT id FROM "legacy".crops WHERE label = 'Clover, Balansa' and zone = 6),(SELECT id FROM "legacy".soil_textures WHERE label = 'Medium'));
INSERT INTO  "legacy".crops_flowering_trigger (crop_id, flowering_trigger_id) VALUES
((SELECT id FROM "legacy".crops WHERE label = 'Barley, Spring' and zone = 6),(SELECT id FROM "legacy".flowering_trigger WHERE label = 'Long Day')),
((SELECT id FROM "legacy".crops WHERE label = 'Sunflower' and zone = 6),(SELECT id FROM "legacy".flowering_trigger WHERE label = 'Plant Size')),
((SELECT id FROM "legacy".crops WHERE label = 'Mustard' and zone = 6),(SELECT id FROM "legacy".flowering_trigger WHERE label = 'Plant Size')),
((SELECT id FROM "legacy".crops WHERE label = 'Ryegrass, Annual' and zone = 6),(SELECT id FROM "legacy".flowering_trigger WHERE label = 'Long Day')),
((SELECT id FROM "legacy".crops WHERE label = 'Pea, Winter' and zone = 6),(SELECT id FROM "legacy".flowering_trigger WHERE label = 'Plant Size')),
((SELECT id FROM "legacy".crops WHERE label = 'Radish, Forage' and zone = 6),(SELECT id FROM "legacy".flowering_trigger WHERE label = 'Long Day')),
((SELECT id FROM "legacy".crops WHERE label = 'Triticale, Winter' and zone = 6),(SELECT id FROM "legacy".flowering_trigger WHERE label = 'Vernalization')),
((SELECT id FROM "legacy".crops WHERE label = 'Millet, Japanese' and zone = 6),(SELECT id FROM "legacy".flowering_trigger WHERE label = 'Plant Size')),
((SELECT id FROM "legacy".crops WHERE label = 'Pea, Spring' and zone = 6),(SELECT id FROM "legacy".flowering_trigger WHERE label = 'Plant Size')),
((SELECT id FROM "legacy".crops WHERE label = 'Turnip, Forage' and zone = 6),(SELECT id FROM "legacy".flowering_trigger WHERE label = 'Vernalization')),
((SELECT id FROM "legacy".crops WHERE label = 'Clover, Berseem' and zone = 6),(SELECT id FROM "legacy".flowering_trigger WHERE label = 'Vernalization')),
((SELECT id FROM "legacy".crops WHERE label = 'Sweetclover, Yellow' and zone = 6),(SELECT id FROM "legacy".flowering_trigger WHERE label = 'Vernalization')),
((SELECT id FROM "legacy".crops WHERE label = 'Vetch, Hairy' and zone = 6),(SELECT id FROM "legacy".flowering_trigger WHERE label = 'Long Day')),
((SELECT id FROM "legacy".crops WHERE label = 'Soybeans' and zone = 6),(SELECT id FROM "legacy".flowering_trigger WHERE label = 'Intermediate Day')),
((SELECT id FROM "legacy".crops WHERE label = 'Millet, Pearl' and zone = 6),(SELECT id FROM "legacy".flowering_trigger WHERE label = 'Plant Size')),
((SELECT id FROM "legacy".crops WHERE label = 'Cereal Rye, Spring' and zone = 6),(SELECT id FROM "legacy".flowering_trigger WHERE label = 'Long Day')),
((SELECT id FROM "legacy".crops WHERE label = 'Wheat, Winter' and zone = 6),(SELECT id FROM "legacy".flowering_trigger WHERE label = 'Vernalization')),
((SELECT id FROM "legacy".crops WHERE label = 'Barley, Winter' and zone = 6),(SELECT id FROM "legacy".flowering_trigger WHERE label = 'Vernalization')),
((SELECT id FROM "legacy".crops WHERE label = 'Wheat, Spring' and zone = 6),(SELECT id FROM "legacy".flowering_trigger WHERE label = 'Long Day')),
((SELECT id FROM "legacy".crops WHERE label = 'Brassica, Forage' and zone = 6),(SELECT id FROM "legacy".flowering_trigger WHERE label = 'Plant Size')),
((SELECT id FROM "legacy".crops WHERE label = 'Brassica, Forage' and zone = 6),(SELECT id FROM "legacy".flowering_trigger WHERE label = 'Long Day')),
((SELECT id FROM "legacy".crops WHERE label = 'Turnip, Purple Top' and zone = 6),(SELECT id FROM "legacy".flowering_trigger WHERE label = 'Vernalization')),
((SELECT id FROM "legacy".crops WHERE label = 'Millet, Pearl' and zone = 6),(SELECT id FROM "legacy".flowering_trigger WHERE label = 'short day')),
((SELECT id FROM "legacy".crops WHERE label = 'Soybeans' and zone = 6),(SELECT id FROM "legacy".flowering_trigger WHERE label = 'Long Day')),
((SELECT id FROM "legacy".crops WHERE label = 'Phacelia' and zone = 6),(SELECT id FROM "legacy".flowering_trigger WHERE label = 'Plant Size')),
((SELECT id FROM "legacy".crops WHERE label = 'Mustard' and zone = 6),(SELECT id FROM "legacy".flowering_trigger WHERE label = 'Long Day')),
((SELECT id FROM "legacy".crops WHERE label = 'Sunflower' and zone = 6),(SELECT id FROM "legacy".flowering_trigger WHERE label = 'Long Day')),
((SELECT id FROM "legacy".crops WHERE label = 'Clover, Crimson' and zone = 6),(SELECT id FROM "legacy".flowering_trigger WHERE label = 'Vernalization')),
((SELECT id FROM "legacy".crops WHERE label = 'Ryegrass, Perennial' and zone = 6),(SELECT id FROM "legacy".flowering_trigger WHERE label = 'Vernalization')),
((SELECT id FROM "legacy".crops WHERE label = 'Cereal Rye, Winter' and zone = 6),(SELECT id FROM "legacy".flowering_trigger WHERE label = 'Vernalization')),
((SELECT id FROM "legacy".crops WHERE label = 'Buckwheat' and zone = 6),(SELECT id FROM "legacy".flowering_trigger WHERE label = 'Plant Size')),
((SELECT id FROM "legacy".crops WHERE label = 'Millet, Japanese' and zone = 6),(SELECT id FROM "legacy".flowering_trigger WHERE label = 'Intermediate Day')),
((SELECT id FROM "legacy".crops WHERE label = 'Sunn Hemp' and zone = 6),(SELECT id FROM "legacy".flowering_trigger WHERE label = 'Intermediate Day')),
((SELECT id FROM "legacy".crops WHERE label = 'Cowpea' and zone = 6),(SELECT id FROM "legacy".flowering_trigger WHERE label = 'Plant Size')),
((SELECT id FROM "legacy".crops WHERE label = 'Clover, Balansa' and zone = 6),(SELECT id FROM "legacy".flowering_trigger WHERE label = 'Vernalization')),
((SELECT id FROM "legacy".crops WHERE label = 'Teff' and zone = 6),(SELECT id FROM "legacy".flowering_trigger WHERE label = 'Intermediate Day')),
((SELECT id FROM "legacy".crops WHERE label = 'Sorghum-sudangrass' and zone = 6),(SELECT id FROM "legacy".flowering_trigger WHERE label = 'Plant Size')),
((SELECT id FROM "legacy".crops WHERE label = 'Clover, Red' and zone = 6),(SELECT id FROM "legacy".flowering_trigger WHERE label = 'Vernalization'));
INSERT INTO  "legacy".crops_root_architecture (crop_id, root_architecture_id) VALUES
((SELECT id FROM "legacy".crops WHERE label = 'Cereal Rye, Spring' and zone = 6),(SELECT id FROM "legacy".root_architecture WHERE label = 'Fibrous')),
((SELECT id FROM "legacy".crops WHERE label = 'Pea, Spring' and zone = 6),(SELECT id FROM "legacy".root_architecture WHERE label = 'Tap')),
((SELECT id FROM "legacy".crops WHERE label = 'Buckwheat' and zone = 6),(SELECT id FROM "legacy".root_architecture WHERE label = 'Fibrous')),
((SELECT id FROM "legacy".crops WHERE label = 'Sorghum-sudangrass' and zone = 6),(SELECT id FROM "legacy".root_architecture WHERE label = 'Fibrous')),
((SELECT id FROM "legacy".crops WHERE label = 'Turnip, Purple Top' and zone = 6),(SELECT id FROM "legacy".root_architecture WHERE label = 'Tap')),
((SELECT id FROM "legacy".crops WHERE label = 'Vetch, Hairy' and zone = 6),(SELECT id FROM "legacy".root_architecture WHERE label = 'Tap')),
((SELECT id FROM "legacy".crops WHERE label = 'Rapeseed, Forage' and zone = 6),(SELECT id FROM "legacy".root_architecture WHERE label = 'Tap')),
((SELECT id FROM "legacy".crops WHERE label = 'Clover, Red' and zone = 6),(SELECT id FROM "legacy".root_architecture WHERE label = 'Tap')),
((SELECT id FROM "legacy".crops WHERE label = 'Wheat, Winter' and zone = 6),(SELECT id FROM "legacy".root_architecture WHERE label = 'Fibrous')),
((SELECT id FROM "legacy".crops WHERE label = 'Turnip, Forage' and zone = 6),(SELECT id FROM "legacy".root_architecture WHERE label = 'Tap')),
((SELECT id FROM "legacy".crops WHERE label = 'Sunn Hemp' and zone = 6),(SELECT id FROM "legacy".root_architecture WHERE label = 'Tap')),
((SELECT id FROM "legacy".crops WHERE label = 'Millet, Japanese' and zone = 6),(SELECT id FROM "legacy".root_architecture WHERE label = 'Fibrous')),
((SELECT id FROM "legacy".crops WHERE label = 'Wheat, Spring' and zone = 6),(SELECT id FROM "legacy".root_architecture WHERE label = 'Fibrous')),
((SELECT id FROM "legacy".crops WHERE label = 'Clover, Balansa' and zone = 6),(SELECT id FROM "legacy".root_architecture WHERE label = 'Tap')),
((SELECT id FROM "legacy".crops WHERE label = 'Oats, Spring' and zone = 6),(SELECT id FROM "legacy".root_architecture WHERE label = 'Fibrous')),
((SELECT id FROM "legacy".crops WHERE label = 'Sunflower' and zone = 6),(SELECT id FROM "legacy".root_architecture WHERE label = 'Tap')),
((SELECT id FROM "legacy".crops WHERE label = 'Sudangrass' and zone = 6),(SELECT id FROM "legacy".root_architecture WHERE label = 'Fibrous')),
((SELECT id FROM "legacy".crops WHERE label = 'Clover, Crimson' and zone = 6),(SELECT id FROM "legacy".root_architecture WHERE label = 'Tap')),
((SELECT id FROM "legacy".crops WHERE label = 'Radish, Forage' and zone = 6),(SELECT id FROM "legacy".root_architecture WHERE label = 'Tap')),
((SELECT id FROM "legacy".crops WHERE label = 'Phacelia' and zone = 6),(SELECT id FROM "legacy".root_architecture WHERE label = 'Fibrous')),
((SELECT id FROM "legacy".crops WHERE label = 'Triticale, Spring' and zone = 6),(SELECT id FROM "legacy".root_architecture WHERE label = 'Fibrous')),
((SELECT id FROM "legacy".crops WHERE label = 'Cereal Rye, Winter' and zone = 6),(SELECT id FROM "legacy".root_architecture WHERE label = 'Fibrous')),
((SELECT id FROM "legacy".crops WHERE label = 'Brassica, Forage' and zone = 6),(SELECT id FROM "legacy".root_architecture WHERE label = 'Tap')),
((SELECT id FROM "legacy".crops WHERE label = 'Oats, Black' and zone = 6),(SELECT id FROM "legacy".root_architecture WHERE label = 'Fibrous')),
((SELECT id FROM "legacy".crops WHERE label = 'Oats' and zone = 6),(SELECT id FROM "legacy".root_architecture WHERE label = 'Fibrous')),
((SELECT id FROM "legacy".crops WHERE label = 'Ryegrass, Perennial' and zone = 6),(SELECT id FROM "legacy".root_architecture WHERE label = 'Fibrous')),
((SELECT id FROM "legacy".crops WHERE label = 'Barley, Winter' and zone = 6),(SELECT id FROM "legacy".root_architecture WHERE label = 'Fibrous')),
((SELECT id FROM "legacy".crops WHERE label = 'Pea, Winter' and zone = 6),(SELECT id FROM "legacy".root_architecture WHERE label = 'Tap')),
((SELECT id FROM "legacy".crops WHERE label = 'Ryegrass, Annual' and zone = 6),(SELECT id FROM "legacy".root_architecture WHERE label = 'Fibrous')),
((SELECT id FROM "legacy".crops WHERE label = 'Mustard' and zone = 6),(SELECT id FROM "legacy".root_architecture WHERE label = 'Tap')),
((SELECT id FROM "legacy".crops WHERE label = 'Millet, Pearl' and zone = 6),(SELECT id FROM "legacy".root_architecture WHERE label = 'Fibrous')),
((SELECT id FROM "legacy".crops WHERE label = 'Clover, Berseem' and zone = 6),(SELECT id FROM "legacy".root_architecture WHERE label = 'Tap')),
((SELECT id FROM "legacy".crops WHERE label = 'Triticale, Winter' and zone = 6),(SELECT id FROM "legacy".root_architecture WHERE label = 'Fibrous')),
((SELECT id FROM "legacy".crops WHERE label = 'Teff' and zone = 6),(SELECT id FROM "legacy".root_architecture WHERE label = 'Fibrous')),
((SELECT id FROM "legacy".crops WHERE label = 'Soybeans' and zone = 6),(SELECT id FROM "legacy".root_architecture WHERE label = 'Tap')),
((SELECT id FROM "legacy".crops WHERE label = 'Barley, Spring' and zone = 6),(SELECT id FROM "legacy".root_architecture WHERE label = 'Fibrous')),
((SELECT id FROM "legacy".crops WHERE label = 'Cowpea' and zone = 6),(SELECT id FROM "legacy".root_architecture WHERE label = 'Tap')),
((SELECT id FROM "legacy".crops WHERE label = 'Sweetclover, Yellow' and zone = 6),(SELECT id FROM "legacy".root_architecture WHERE label = 'Tap'));
INSERT INTO  "legacy".crops_zone_inclusion (crop_id, zone_inclusion_id) VALUES
((SELECT id FROM "legacy".crops WHERE label = 'Radish, Forage' and zone = 6),(SELECT id FROM "legacy".zone_inclusion WHERE label = 'Zone 4')),
((SELECT id FROM "legacy".crops WHERE label = 'Sunn Hemp' and zone = 6),(SELECT id FROM "legacy".zone_inclusion WHERE label = 'Zone 4')),
((SELECT id FROM "legacy".crops WHERE label = 'Oats, Black' and zone = 6),(SELECT id FROM "legacy".zone_inclusion WHERE label = 'Zone 6')),
((SELECT id FROM "legacy".crops WHERE label = 'Turnip, Forage' and zone = 6),(SELECT id FROM "legacy".zone_inclusion WHERE label = 'Zone 4')),
((SELECT id FROM "legacy".crops WHERE label = 'Ryegrass, Annual' and zone = 6),(SELECT id FROM "legacy".zone_inclusion WHERE label = 'Zone 7')),
((SELECT id FROM "legacy".crops WHERE label = 'Sunn Hemp' and zone = 6),(SELECT id FROM "legacy".zone_inclusion WHERE label = 'Zone 7')),
((SELECT id FROM "legacy".crops WHERE label = 'Cowpea' and zone = 6),(SELECT id FROM "legacy".zone_inclusion WHERE label = 'Zone 6')),
((SELECT id FROM "legacy".crops WHERE label = 'Oats' and zone = 6),(SELECT id FROM "legacy".zone_inclusion WHERE label = 'Zone 6')),
((SELECT id FROM "legacy".crops WHERE label = 'Pea, Spring' and zone = 6),(SELECT id FROM "legacy".zone_inclusion WHERE label = 'Zone 6')),
((SELECT id FROM "legacy".crops WHERE label = 'Pea, Spring' and zone = 6),(SELECT id FROM "legacy".zone_inclusion WHERE label = 'Zone 7')),
((SELECT id FROM "legacy".crops WHERE label = 'Wheat, Winter' and zone = 6),(SELECT id FROM "legacy".zone_inclusion WHERE label = 'Zone 7')),
((SELECT id FROM "legacy".crops WHERE label = 'Mustard' and zone = 6),(SELECT id FROM "legacy".zone_inclusion WHERE label = 'Zone 4')),
((SELECT id FROM "legacy".crops WHERE label = 'Oats' and zone = 6),(SELECT id FROM "legacy".zone_inclusion WHERE label = 'Zone 7')),
((SELECT id FROM "legacy".crops WHERE label = 'Sorghum-sudangrass' and zone = 6),(SELECT id FROM "legacy".zone_inclusion WHERE label = 'Zone 5')),
((SELECT id FROM "legacy".crops WHERE label = 'Wheat, Spring' and zone = 6),(SELECT id FROM "legacy".zone_inclusion WHERE label = 'Zone 6')),
((SELECT id FROM "legacy".crops WHERE label = 'Oats' and zone = 6),(SELECT id FROM "legacy".zone_inclusion WHERE label = 'Zone 4')),
((SELECT id FROM "legacy".crops WHERE label = 'Mustard' and zone = 6),(SELECT id FROM "legacy".zone_inclusion WHERE label = 'Zone 5')),
((SELECT id FROM "legacy".crops WHERE label = 'Sorghum-sudangrass' and zone = 6),(SELECT id FROM "legacy".zone_inclusion WHERE label = 'Zone 4')),
((SELECT id FROM "legacy".crops WHERE label = 'Soybeans' and zone = 6),(SELECT id FROM "legacy".zone_inclusion WHERE label = 'Zone 5')),
((SELECT id FROM "legacy".crops WHERE label = 'Sudangrass' and zone = 6),(SELECT id FROM "legacy".zone_inclusion WHERE label = 'Zone 5')),
((SELECT id FROM "legacy".crops WHERE label = 'Millet, Pearl' and zone = 6),(SELECT id FROM "legacy".zone_inclusion WHERE label = 'Zone 7')),
((SELECT id FROM "legacy".crops WHERE label = 'Millet, Japanese' and zone = 6),(SELECT id FROM "legacy".zone_inclusion WHERE label = 'Zone 4')),
((SELECT id FROM "legacy".crops WHERE label = 'Ryegrass, Perennial' and zone = 6),(SELECT id FROM "legacy".zone_inclusion WHERE label = 'Zone 4')),
((SELECT id FROM "legacy".crops WHERE label = 'Oats, Spring' and zone = 6),(SELECT id FROM "legacy".zone_inclusion WHERE label = 'Zone 7')),
((SELECT id FROM "legacy".crops WHERE label = 'Sunn Hemp' and zone = 6),(SELECT id FROM "legacy".zone_inclusion WHERE label = 'Zone 5')),
((SELECT id FROM "legacy".crops WHERE label = 'Millet, Pearl' and zone = 6),(SELECT id FROM "legacy".zone_inclusion WHERE label = 'Zone 4')),
((SELECT id FROM "legacy".crops WHERE label = 'Barley, Spring' and zone = 6),(SELECT id FROM "legacy".zone_inclusion WHERE label = 'Zone 4')),
((SELECT id FROM "legacy".crops WHERE label = 'Mustard' and zone = 6),(SELECT id FROM "legacy".zone_inclusion WHERE label = 'Zone 6')),
((SELECT id FROM "legacy".crops WHERE label = 'Clover, Red' and zone = 6),(SELECT id FROM "legacy".zone_inclusion WHERE label = 'Zone 5')),
((SELECT id FROM "legacy".crops WHERE label = 'Sweetclover, Yellow' and zone = 6),(SELECT id FROM "legacy".zone_inclusion WHERE label = 'Zone 6')),
((SELECT id FROM "legacy".crops WHERE label = 'Clover, Berseem' and zone = 6),(SELECT id FROM "legacy".zone_inclusion WHERE label = 'Zone 4')),
((SELECT id FROM "legacy".crops WHERE label = 'Teff' and zone = 6),(SELECT id FROM "legacy".zone_inclusion WHERE label = 'Zone 6')),
((SELECT id FROM "legacy".crops WHERE label = 'Vetch, Hairy' and zone = 6),(SELECT id FROM "legacy".zone_inclusion WHERE label = 'Zone 7')),
((SELECT id FROM "legacy".crops WHERE label = 'Soybeans' and zone = 6),(SELECT id FROM "legacy".zone_inclusion WHERE label = 'Zone 7')),
((SELECT id FROM "legacy".crops WHERE label = 'Millet, Pearl' and zone = 6),(SELECT id FROM "legacy".zone_inclusion WHERE label = 'Zone 5')),
((SELECT id FROM "legacy".crops WHERE label = 'Sunflower' and zone = 6),(SELECT id FROM "legacy".zone_inclusion WHERE label = 'Zone 7')),
((SELECT id FROM "legacy".crops WHERE label = 'Clover, Crimson' and zone = 6),(SELECT id FROM "legacy".zone_inclusion WHERE label = 'Zone 6')),
((SELECT id FROM "legacy".crops WHERE label = 'Triticale, Winter' and zone = 6),(SELECT id FROM "legacy".zone_inclusion WHERE label = 'Zone 5')),
((SELECT id FROM "legacy".crops WHERE label = 'Radish, Forage' and zone = 6),(SELECT id FROM "legacy".zone_inclusion WHERE label = 'Zone 7')),
((SELECT id FROM "legacy".crops WHERE label = 'Cowpea' and zone = 6),(SELECT id FROM "legacy".zone_inclusion WHERE label = 'Zone 7')),
((SELECT id FROM "legacy".crops WHERE label = 'Triticale, Spring' and zone = 6),(SELECT id FROM "legacy".zone_inclusion WHERE label = 'Zone 4')),
((SELECT id FROM "legacy".crops WHERE label = 'Wheat, Winter' and zone = 6),(SELECT id FROM "legacy".zone_inclusion WHERE label = 'Zone 6')),
((SELECT id FROM "legacy".crops WHERE label = 'Phacelia' and zone = 6),(SELECT id FROM "legacy".zone_inclusion WHERE label = 'Zone 5')),
((SELECT id FROM "legacy".crops WHERE label = 'Wheat, Spring' and zone = 6),(SELECT id FROM "legacy".zone_inclusion WHERE label = 'Zone 5')),
((SELECT id FROM "legacy".crops WHERE label = 'Vetch, Hairy' and zone = 6),(SELECT id FROM "legacy".zone_inclusion WHERE label = 'Zone 6')),
((SELECT id FROM "legacy".crops WHERE label = 'Clover, Balansa' and zone = 6),(SELECT id FROM "legacy".zone_inclusion WHERE label = 'Zone 6')),
((SELECT id FROM "legacy".crops WHERE label = 'Radish, Forage' and zone = 6),(SELECT id FROM "legacy".zone_inclusion WHERE label = 'Zone 6')),
((SELECT id FROM "legacy".crops WHERE label = 'Sudangrass' and zone = 6),(SELECT id FROM "legacy".zone_inclusion WHERE label = 'Zone 4')),
((SELECT id FROM "legacy".crops WHERE label = 'Turnip, Purple Top' and zone = 6),(SELECT id FROM "legacy".zone_inclusion WHERE label = 'Zone 6')),
((SELECT id FROM "legacy".crops WHERE label = 'Triticale, Winter' and zone = 6),(SELECT id FROM "legacy".zone_inclusion WHERE label = 'Zone 6')),
((SELECT id FROM "legacy".crops WHERE label = 'Clover, Berseem' and zone = 6),(SELECT id FROM "legacy".zone_inclusion WHERE label = 'Zone 6')),
((SELECT id FROM "legacy".crops WHERE label = 'Wheat, Spring' and zone = 6),(SELECT id FROM "legacy".zone_inclusion WHERE label = 'Zone 4')),
((SELECT id FROM "legacy".crops WHERE label = 'Ryegrass, Annual' and zone = 6),(SELECT id FROM "legacy".zone_inclusion WHERE label = 'Zone 6')),
((SELECT id FROM "legacy".crops WHERE label = 'Sorghum-sudangrass' and zone = 6),(SELECT id FROM "legacy".zone_inclusion WHERE label = 'Zone 6')),
((SELECT id FROM "legacy".crops WHERE label = 'Sweetclover, Yellow' and zone = 6),(SELECT id FROM "legacy".zone_inclusion WHERE label = 'Zone 5')),
((SELECT id FROM "legacy".crops WHERE label = 'Barley, Spring' and zone = 6),(SELECT id FROM "legacy".zone_inclusion WHERE label = 'Zone 6')),
((SELECT id FROM "legacy".crops WHERE label = 'Clover, Crimson' and zone = 6),(SELECT id FROM "legacy".zone_inclusion WHERE label = 'Zone 4')),
((SELECT id FROM "legacy".crops WHERE label = 'Triticale, Winter' and zone = 6),(SELECT id FROM "legacy".zone_inclusion WHERE label = 'Zone 4')),
((SELECT id FROM "legacy".crops WHERE label = 'Radish, Forage' and zone = 6),(SELECT id FROM "legacy".zone_inclusion WHERE label = 'Zone 5')),
((SELECT id FROM "legacy".crops WHERE label = 'Wheat, Winter' and zone = 6),(SELECT id FROM "legacy".zone_inclusion WHERE label = 'Zone 4')),
((SELECT id FROM "legacy".crops WHERE label = 'Clover, Red' and zone = 6),(SELECT id FROM "legacy".zone_inclusion WHERE label = 'Zone 4')),
((SELECT id FROM "legacy".crops WHERE label = 'Barley, Winter' and zone = 6),(SELECT id FROM "legacy".zone_inclusion WHERE label = 'Zone 6')),
((SELECT id FROM "legacy".crops WHERE label = 'Sudangrass' and zone = 6),(SELECT id FROM "legacy".zone_inclusion WHERE label = 'Zone 6')),
((SELECT id FROM "legacy".crops WHERE label = 'Pea, Spring' and zone = 6),(SELECT id FROM "legacy".zone_inclusion WHERE label = 'Zone 5')),
((SELECT id FROM "legacy".crops WHERE label = 'Sunn Hemp' and zone = 6),(SELECT id FROM "legacy".zone_inclusion WHERE label = 'Zone 6')),
((SELECT id FROM "legacy".crops WHERE label = 'Pea, Winter' and zone = 6),(SELECT id FROM "legacy".zone_inclusion WHERE label = 'Zone 4')),
((SELECT id FROM "legacy".crops WHERE label = 'Teff' and zone = 6),(SELECT id FROM "legacy".zone_inclusion WHERE label = 'Zone 4')),
((SELECT id FROM "legacy".crops WHERE label = 'Turnip, Forage' and zone = 6),(SELECT id FROM "legacy".zone_inclusion WHERE label = 'Zone 5')),
((SELECT id FROM "legacy".crops WHERE label = 'Pea, Winter' and zone = 6),(SELECT id FROM "legacy".zone_inclusion WHERE label = 'Zone 7')),
((SELECT id FROM "legacy".crops WHERE label = 'Clover, Balansa' and zone = 6),(SELECT id FROM "legacy".zone_inclusion WHERE label = 'Zone 5')),
((SELECT id FROM "legacy".crops WHERE label = 'Buckwheat' and zone = 6),(SELECT id FROM "legacy".zone_inclusion WHERE label = 'Zone 5')),
((SELECT id FROM "legacy".crops WHERE label = 'Oats' and zone = 6),(SELECT id FROM "legacy".zone_inclusion WHERE label = 'Zone 5')),
((SELECT id FROM "legacy".crops WHERE label = 'Ryegrass, Annual' and zone = 6),(SELECT id FROM "legacy".zone_inclusion WHERE label = 'Zone 4')),
((SELECT id FROM "legacy".crops WHERE label = 'Pea, Winter' and zone = 6),(SELECT id FROM "legacy".zone_inclusion WHERE label = 'Zone 6')),
((SELECT id FROM "legacy".crops WHERE label = 'Ryegrass, Perennial' and zone = 6),(SELECT id FROM "legacy".zone_inclusion WHERE label = 'Zone 6')),
((SELECT id FROM "legacy".crops WHERE label = 'Cereal Rye, Winter' and zone = 6),(SELECT id FROM "legacy".zone_inclusion WHERE label = 'Zone 6')),
((SELECT id FROM "legacy".crops WHERE label = 'Barley, Winter' and zone = 6),(SELECT id FROM "legacy".zone_inclusion WHERE label = 'Zone 4')),
((SELECT id FROM "legacy".crops WHERE label = 'Cereal Rye, Spring' and zone = 6),(SELECT id FROM "legacy".zone_inclusion WHERE label = 'Zone 6')),
((SELECT id FROM "legacy".crops WHERE label = 'Pea, Winter' and zone = 6),(SELECT id FROM "legacy".zone_inclusion WHERE label = 'Zone 5')),
((SELECT id FROM "legacy".crops WHERE label = 'Triticale, Spring' and zone = 6),(SELECT id FROM "legacy".zone_inclusion WHERE label = 'Zone 6')),
((SELECT id FROM "legacy".crops WHERE label = 'Teff' and zone = 6),(SELECT id FROM "legacy".zone_inclusion WHERE label = 'Zone 5')),
((SELECT id FROM "legacy".crops WHERE label = 'Turnip, Forage' and zone = 6),(SELECT id FROM "legacy".zone_inclusion WHERE label = 'Zone 6')),
((SELECT id FROM "legacy".crops WHERE label = 'Wheat, Winter' and zone = 6),(SELECT id FROM "legacy".zone_inclusion WHERE label = 'Zone 5')),
((SELECT id FROM "legacy".crops WHERE label = 'Barley, Winter' and zone = 6),(SELECT id FROM "legacy".zone_inclusion WHERE label = 'Zone 5')),
((SELECT id FROM "legacy".crops WHERE label = 'Clover, Red' and zone = 6),(SELECT id FROM "legacy".zone_inclusion WHERE label = 'Zone 6')),
((SELECT id FROM "legacy".crops WHERE label = 'Buckwheat' and zone = 6),(SELECT id FROM "legacy".zone_inclusion WHERE label = 'Zone 4')),
((SELECT id FROM "legacy".crops WHERE label = 'Rapeseed, Forage' and zone = 6),(SELECT id FROM "legacy".zone_inclusion WHERE label = 'Zone 6')),
((SELECT id FROM "legacy".crops WHERE label = 'Barley, Winter' and zone = 6),(SELECT id FROM "legacy".zone_inclusion WHERE label = 'Zone 7')),
((SELECT id FROM "legacy".crops WHERE label = 'Sunflower' and zone = 6),(SELECT id FROM "legacy".zone_inclusion WHERE label = 'Zone 4')),
((SELECT id FROM "legacy".crops WHERE label = 'Triticale, Winter' and zone = 6),(SELECT id FROM "legacy".zone_inclusion WHERE label = 'Zone 7')),
((SELECT id FROM "legacy".crops WHERE label = 'Mustard' and zone = 6),(SELECT id FROM "legacy".zone_inclusion WHERE label = 'Zone 7')),
((SELECT id FROM "legacy".crops WHERE label = 'Sunflower' and zone = 6),(SELECT id FROM "legacy".zone_inclusion WHERE label = 'Zone 5')),
((SELECT id FROM "legacy".crops WHERE label = 'Cereal Rye, Spring' and zone = 6),(SELECT id FROM "legacy".zone_inclusion WHERE label = 'Zone 7')),
((SELECT id FROM "legacy".crops WHERE label = 'Millet, Japanese' and zone = 6),(SELECT id FROM "legacy".zone_inclusion WHERE label = 'Zone 6')),
((SELECT id FROM "legacy".crops WHERE label = 'Cereal Rye, Winter' and zone = 6),(SELECT id FROM "legacy".zone_inclusion WHERE label = 'Zone 4')),
((SELECT id FROM "legacy".crops WHERE label = 'Millet, Pearl' and zone = 6),(SELECT id FROM "legacy".zone_inclusion WHERE label = 'Zone 6')),
((SELECT id FROM "legacy".crops WHERE label = 'Brassica, Forage' and zone = 6),(SELECT id FROM "legacy".zone_inclusion WHERE label = 'Zone 6')),
((SELECT id FROM "legacy".crops WHERE label = 'Clover, Red' and zone = 6),(SELECT id FROM "legacy".zone_inclusion WHERE label = 'Zone 7')),
((SELECT id FROM "legacy".crops WHERE label = 'Oats, Spring' and zone = 6),(SELECT id FROM "legacy".zone_inclusion WHERE label = 'Zone 6')),
((SELECT id FROM "legacy".crops WHERE label = 'Clover, Crimson' and zone = 6),(SELECT id FROM "legacy".zone_inclusion WHERE label = 'Zone 5')),
((SELECT id FROM "legacy".crops WHERE label = 'Soybeans' and zone = 6),(SELECT id FROM "legacy".zone_inclusion WHERE label = 'Zone 4')),
((SELECT id FROM "legacy".crops WHERE label = 'Millet, Japanese' and zone = 6),(SELECT id FROM "legacy".zone_inclusion WHERE label = 'Zone 5')),
((SELECT id FROM "legacy".crops WHERE label = 'Ryegrass, Annual' and zone = 6),(SELECT id FROM "legacy".zone_inclusion WHERE label = 'Zone 5')),
((SELECT id FROM "legacy".crops WHERE label = 'Cereal Rye, Winter' and zone = 6),(SELECT id FROM "legacy".zone_inclusion WHERE label = 'Zone 5')),
((SELECT id FROM "legacy".crops WHERE label = 'Sorghum-sudangrass' and zone = 6),(SELECT id FROM "legacy".zone_inclusion WHERE label = 'Zone 7')),
((SELECT id FROM "legacy".crops WHERE label = 'Buckwheat' and zone = 6),(SELECT id FROM "legacy".zone_inclusion WHERE label = 'Zone 7')),
((SELECT id FROM "legacy".crops WHERE label = 'Phacelia' and zone = 6),(SELECT id FROM "legacy".zone_inclusion WHERE label = 'Zone 6')),
((SELECT id FROM "legacy".crops WHERE label = 'Sweetclover, Yellow' and zone = 6),(SELECT id FROM "legacy".zone_inclusion WHERE label = 'Zone 4')),
((SELECT id FROM "legacy".crops WHERE label = 'Cowpea' and zone = 6),(SELECT id FROM "legacy".zone_inclusion WHERE label = 'Zone 5')),
((SELECT id FROM "legacy".crops WHERE label = 'Sunflower' and zone = 6),(SELECT id FROM "legacy".zone_inclusion WHERE label = 'Zone 6')),
((SELECT id FROM "legacy".crops WHERE label = 'Buckwheat' and zone = 6),(SELECT id FROM "legacy".zone_inclusion WHERE label = 'Zone 6')),
((SELECT id FROM "legacy".crops WHERE label = 'Pea, Spring' and zone = 6),(SELECT id FROM "legacy".zone_inclusion WHERE label = 'Zone 4')),
((SELECT id FROM "legacy".crops WHERE label = 'Vetch, Hairy' and zone = 6),(SELECT id FROM "legacy".zone_inclusion WHERE label = 'Zone 4')),
((SELECT id FROM "legacy".crops WHERE label = 'Vetch, Hairy' and zone = 6),(SELECT id FROM "legacy".zone_inclusion WHERE label = 'Zone 5')),
((SELECT id FROM "legacy".crops WHERE label = 'Clover, Crimson' and zone = 6),(SELECT id FROM "legacy".zone_inclusion WHERE label = 'Zone 7')),
((SELECT id FROM "legacy".crops WHERE label = 'Cereal Rye, Winter' and zone = 6),(SELECT id FROM "legacy".zone_inclusion WHERE label = 'Zone 7')),
((SELECT id FROM "legacy".crops WHERE label = 'Rapeseed, Forage' and zone = 6),(SELECT id FROM "legacy".zone_inclusion WHERE label = 'Zone 7')),
((SELECT id FROM "legacy".crops WHERE label = 'Soybeans' and zone = 6),(SELECT id FROM "legacy".zone_inclusion WHERE label = 'Zone 6')),
((SELECT id FROM "legacy".crops WHERE label = 'Cowpea' and zone = 6),(SELECT id FROM "legacy".zone_inclusion WHERE label = 'Zone 4'));
INSERT INTO  "legacy".crops_seeding_rate_calculator_2 (crop_id, seeding_rate_calculator_2_id) VALUES
((SELECT id FROM "legacy".crops WHERE label = 'Barley, Spring' and zone = 6),(SELECT id FROM "legacy".seeding_rate_calculator_2 WHERE label = 'recEl1a6KPEQaGjSt')),
((SELECT id FROM "legacy".crops WHERE label = 'Barley, Winter' and zone = 6),(SELECT id FROM "legacy".seeding_rate_calculator_2 WHERE label = 'recD1kk3xS5qD6Q8k')),
((SELECT id FROM "legacy".crops WHERE label = 'Brassica, Forage' and zone = 6),(SELECT id FROM "legacy".seeding_rate_calculator_2 WHERE label = 'recGaU4Jnd2huQFdZ'));
